wgEncodeAwgTfbsBroadDnd41CtcfUniPk,"[0.52185303, 0.73566145, 0.72850019, 0.78198081, 1.0607064, 0.9506827, 1.0442528, 1.0485599, 0.73920065, 0.82346612, 0.37236241, 1.1856585, 0.96774846, 0.95361352, 0.40044525, 0.77652407]"
wgEncodeAwgTfbsBroadGm12878CtcfUniPk,"[0.88317907, 0.79814208, 0.84173584, 0.66192621, 1.1015667, 0.92624551, 0.40305671, 0.38133132, 0.91559553, 0.65595686, 0.79745346, 0.90114003, 0.87787747, 0.95164335, 0.96672523, 0.98685378]"
wgEncodeAwgTfbsBroadH1hescCtcfUniPk,"[0.73489249, 0.97678053, 1.1119038, 0.69886023, 0.74309838, 0.9234941, 0.74022919, 0.28091174, 1.0279487, 0.90144843, 0.45878783, 1.1089027, 1.0955729, 0.78547829, 1.0460007, 1.0174295]"
wgEncodeAwgTfbsBroadHelas3CtcfUniPk,"[1.0393426, 1.0341188, 0.64306939, 0.42008054, 0.50934708, 0.43434724, 0.83124483, 0.94875693, 1.0153791, 0.88004816, 0.93956774, 0.87918389, 1.0963734, 0.85988677, 0.97424179, 1.0130382]"
wgEncodeAwgTfbsBroadHepg2CtcfUniPk,"[0.89663172, 0.61323792, 0.98530871, 0.87956047, 0.606336, 0.70361298, 0.50985575, 0.79426211, 0.98030037, 0.77165514, 0.76124656, 0.86664414, 0.7842837, 0.89761698, 0.87843931, 1.0944489]"
wgEncodeAwgTfbsBroadHmecCtcfUniPk,"[0.77796674, 0.86021113, 0.46185866, 0.77381974, 0.35742921, 1.0788116, 0.68244666, 0.88110125, 0.90452784, 0.94194299, 0.86393183, 1.1591125, 0.73979431, 0.73446959, 0.86895645, 0.82771945]"
wgEncodeAwgTfbsBroadHsmmCtcfUniPk,"[1.1984898, 0.67862648, 1.0551519, 0.94254106, 0.9231922, 0.90764928, 1.0107737, 0.53012204, 0.86490858, 0.80554986, 0.91296858, 1.01543, 0.29126471, 1.0214944, 0.99718422, 0.95508873]"
wgEncodeAwgTfbsBroadHsmmtCtcfUniPk,"[0.85212523, 0.57752109, 0.9736746, 0.58270335, 0.94337171, 0.93981475, 0.81646186, 1.0627067, 0.57704049, 0.67316175, 0.89814109, 0.90130037, 0.89457572, 1.0377063, 0.72950941, 0.81788224]"
wgEncodeAwgTfbsBroadHuvecCtcfUniPk,"[0.40980703, 0.51711643, 1.0085137, 1.1018262, 0.87334043, 0.93962914, 0.82119322, 1.0831183, 0.86600113, 0.89085573, 0.90419549, 0.82513124, 0.77479494, 0.86836869, 0.78470534, 0.27531156]"
wgEncodeAwgTfbsBroadK562CtcfUniPk,"[0.82977331, 0.90059316, 0.72113383, 0.69910979, 0.89868212, 0.93843597, 0.93583852, 0.47989684, 0.84008735, 0.63669217, 0.78387952, 0.89622855, 0.92885864, 0.6961174, 0.49660155, 0.8284446]"
wgEncodeAwgTfbsBroadNhaCtcfUniPk,"[1.0732527, 0.87787819, 0.93854082, 0.72491705, 0.97336942, 0.91510177, 0.98574936, 0.96767855, 0.88421899, 0.41063508, 0.86038625, 0.89602071, 0.87685883, 0.9604733, 0.8708052, 0.37376946]"
wgEncodeAwgTfbsBroadNhdfadCtcfUniPk,"[0.44906777, 1.0807208, 0.8053475, 0.52304304, 0.85701543, 0.92918688, 0.91297019, 0.70115191, 0.97551125, 0.93236405, 0.91072655, 0.79127276, 0.95529693, 1.0376431, 0.93573195, 0.9366138]"
wgEncodeAwgTfbsBroadNhekCtcfUniPk,"[0.88652343, 0.78545088, 0.8944506, 1.0355016, 0.78360337, 1.0335805, 0.74678683, 0.32318711, 0.84686255, 1.0091354, 0.77743316, 1.1145091, 0.7522313, 0.99557555, 0.38264319, 0.79126358]"
wgEncodeAwgTfbsBroadNhlfCtcfUniPk,"[0.97662902, 0.79043329, 1.0229777, 0.88785571, 0.40430042, 0.62958252, 0.91566896, 0.99719751, 1.1391861, 1.0279415, 1.1211338, 0.97784317, 0.35694069, 1.0227876, 0.89792389, 0.9308328]"
wgEncodeAwgTfbsBroadOsteoblCtcfUniPk,"[0.96033019, 1.0765837, 0.83509064, 0.73900789, 0.99567503, 1.0222226, 0.77383524, 0.87926984, 0.99191391, 0.86708313, 0.81282806, 0.90312928, 0.4101488, 0.39852631, 0.50204247, 0.84293878]"
wgEncodeAwgTfbsHaibA549Atf3V0422111Etoh02UniPk,"[0.80332732, 0.7966494, 0.73539674, 0.91226655, 0.48895872, 0.88119638, 0.34017709, 0.77519989, 0.85310584, 0.85657036, 0.85616058, 0.75503021, 0.95029777, 0.48822036, 0.64780915, 0.70104194]"
wgEncodeAwgTfbsHaibA549Creb1sc240V0416102Dex100nmUniPk,"[0.66849762, 0.76399177, 0.32914177, 0.87894714, 0.76350421, 0.72396636, 0.90780646, 0.70545417, 0.75756037, 0.89604843, 0.85338342, 0.79438853, 0.39990425, 0.88369888, 0.89417577, 0.68996668]"
wgEncodeAwgTfbsHaibA549Ctcfsc5916Pcr1xDex100nmUniPk,"[0.72052759, 1.0140488, 0.34139842, 0.95792353, 0.98906356, 0.98444945, 0.91041672, 0.85651773, 0.95325774, 1.0401746, 1.0983769, 0.4433105, 1.1817855, 1.0371081, 0.76111394, 0.70108622]"
wgEncodeAwgTfbsHaibA549Ctcfsc5916Pcr1xEtoh02UniPk,"[0.34155571, 0.84873414, 0.96489012, 1.0412158, 0.92180115, 0.91656667, 0.67153984, 1.1541247, 0.72813362, 0.89415759, 0.9751603, 0.39629826, 0.74344981, 0.840213, 1.2324508, 1.063745]"
wgEncodeAwgTfbsHaibA549Elf1V0422111Etoh02UniPk,"[0.92605567, 0.71424621, 0.77950388, 0.271247, 0.42984721, 0.68553543, 0.92129767, 0.71080643, 0.73208487, 1.1430058, 0.58483124, 0.81219733, 0.8220492, 0.73225671, 0.81600249, 0.83575684]"
wgEncodeAwgTfbsHaibA549Ets1V0422111Etoh02UniPk,"[0.93685031, 1.1174163, 0.83547926, 0.78607178, 0.40332443, 0.94041747, 1.0331931, 0.91308194, 0.63107127, 0.33528876, 0.34728745, 0.75665087, 1.0165683, 0.97871321, 0.94610095, 0.92558831]"
wgEncodeAwgTfbsHaibA549Fosl2V0422111Etoh02UniPk,"[0.92192703, 0.86990845, 0.84275603, 0.74961275, 0.99867231, 0.90472406, 0.90196526, 0.24973767, 1.1296074, 0.35423696, 0.31876543, 0.90977895, 0.91839796, 0.93611735, 1.0122801, 0.86802977]"
wgEncodeAwgTfbsHaibA549Foxa1V0416102Dex100nmUniPk,"[1.0477988, 0.37939709, 0.83426362, 0.58935869, 0.4403381, 0.80769747, 0.86663437, 0.85827261, 0.83918571, 0.82344681, 0.77842444, 0.76760054, 0.8989476, 1.0695864, 0.83020431, 0.84761018]"
wgEncodeAwgTfbsHaibA549GrPcr1xDex500pmUniPk,"[0.79406565, 0.82201529, 0.66191292, 0.8382889, 0.7680375, 0.76013255, 0.68015885, 0.67276329, 0.88357109, 0.88282126, 0.7799809, 0.81553805, 0.84038544, 1.114383, 0.85360646, 0.70728797]"
wgEncodeAwgTfbsHaibA549GrPcr1xDex50nmUniPk,"[0.83361876, 0.78421748, 0.89011359, 1.0575689, 0.87430418, 0.93543869, 0.90635461, 0.86782372, 0.98223281, 1.0307149, 0.9283433, 0.79845256, 0.30192649, 0.88960344, 1.0364004, 0.37401021]"
wgEncodeAwgTfbsHaibA549GrPcr1xDex5nmUniPk,"[0.75827771, 0.60610813, 0.82691115, 0.81747407, 0.77434105, 0.88271898, 0.85792071, 0.95679522, 0.81582177, 0.69147491, 0.85804266, 0.38493684, 0.87288612, 0.83334875, 0.88597918, 0.97648317]"
wgEncodeAwgTfbsHaibA549GrPcr2xDex100nmUniPk,"[0.91157514, 0.59656751, 0.95440173, 0.91170502, 0.85070306, 0.75663966, 0.79793394, 0.40050071, 1.055989, 0.73614001, 0.87673169, 0.91659957, 0.80670166, 0.76687217, 0.71767062, 0.80288911]"
wgEncodeAwgTfbsHaibA549NrsfV0422111Etoh02UniPk,"[0.94491267, 0.91554886, 0.88615334, 0.58591628, 0.8284359, 0.74737871, 0.84387207, 0.57319844, 0.85229927, 0.85471988, 0.6280548, 0.78044653, 0.80452353, 0.91716146, 0.73661315, 0.69294602]"
wgEncodeAwgTfbsHaibA549Tcf12V0422111Etoh02UniPk,"[0.29991686, 1.1696016, 0.78180832, 0.81093907, 0.43723696, 0.81882632, 1.0141407, 1.1748768, 0.897331, 0.94126511, 1.013551, 0.33135772, 1.0713, 1.0421449, 1.0428265, 1.1030618]"
wgEncodeAwgTfbsHaibA549Usf1Pcr1xDex100nmUniPk,"[0.93960643, 0.86343986, 1.0271258, 0.97070575, 1.1361445, 1.1795933, 1.1061386, 1.0964975, 0.93114096, 1.1379194, 0.36374122, 1.1813796, 0.90153664, 0.48642474, 0.90843636, 1.0293546]"
wgEncodeAwgTfbsHaibA549Usf1Pcr1xEtoh02UniPk,"[0.81877673, 0.95165098, 0.96676332, 1.0615786, 0.28531316, 1.1427056, 0.26477459, 0.97499168, 1.0014806, 0.92419213, 1.1704233, 1.0842401, 0.91821915, 0.98938721, 1.0497103, 0.79721498]"
wgEncodeAwgTfbsHaibA549Usf1V0422111Etoh02UniPk,"[0.33862111, 0.81815344, 0.90667206, 0.37511483, 0.38837624, 1.0840198, 0.81150573, 0.82607234, 0.83649582, 0.58356333, 0.94867808, 1.0088447, 0.84213293, 0.9039138, 0.95249993, 0.93351281]"
wgEncodeAwgTfbsHaibA549Yy1cV0422111Etoh02UniPk,"[0.99334174, 0.8102439, 0.88497591, 0.89541441, 0.70872718, 0.65761739, 0.87753761, 0.88583922, 0.87052208, 0.77467227, 0.80986017, 0.38726479, 0.67178339, 0.72989511, 0.36160499, 0.71602201]"
wgEncodeAwgTfbsHaibA549Zbtb33V0422111Etoh02UniPk,"[0.74191451, 0.93500733, 0.72178984, 0.90198153, 0.73686111, 0.46909538, 0.79656011, 0.84190774, 0.83244485, 0.93204033, 0.74971688, 0.8773976, 0.77412206, 0.67360193, 0.74894315, 0.77083099]"
wgEncodeAwgTfbsHaibEcc1CtcfcV0416102Dm002p1hUniPk,"[0.91223711, 0.94892532, 0.89548022, 0.83864385, 0.80053198, 0.78944033, 0.44599211, 0.88741279, 0.8319279, 0.79486191, 1.0091794, 1.0530151, 0.78099144, 1.1216905, 0.82239801, 0.42020279]"
wgEncodeAwgTfbsHaibEcc1EraaV0416102Bpa1hUniPk,"[0.8628338, 0.92234689, 0.88102287, 0.86941046, 0.6180948, 0.81815779, 0.5243876, 0.84239334, 0.86346227, 0.77647042, 0.77987128, 0.81031817, 0.93664229, 1.0516723, 0.76515424, 0.65784025]"
wgEncodeAwgTfbsHaibEcc1EralphaaV0416102Est10nm1hUniPk,"[1.0171238, 0.97439486, 0.85045701, 0.44560137, 0.96334672, 0.78932381, 0.89526671, 0.85943466, 0.80005842, 0.82685095, 0.92878187, 0.73869878, 1.027141, 1.0085067, 0.53358495, 0.9438746]"
wgEncodeAwgTfbsHaibEcc1EralphaaV0416102Gen1hUniPk,"[0.77629668, 0.80113965, 0.76167625, 0.75321841, 0.89189613, 0.82813758, 1.0049194, 0.46595314, 0.87926477, 0.74848825, 0.86675477, 0.93174255, 0.85586792, 0.71679991, 1.0105762, 0.69852144]"
wgEncodeAwgTfbsHaibEcc1Foxa1sc6553V0416102Dm002p1hUniPk,"[1.0741107, 1.0136259, 0.47415432, 0.90978706, 1.0103655, 0.94640243, 0.50003409, 0.80445731, 0.90015578, 1.0705173, 0.93736666, 1.0579309, 1.1125852, 0.9993912, 1.0453687, 0.92206335]"
wgEncodeAwgTfbsHaibEcc1GrV0416102Dex100nmUniPk,"[0.87785697, 0.82461828, 0.85161322, 0.82269341, 0.74672133, 0.71596879, 0.82904685, 0.6922496, 0.87062675, 0.45693097, 0.63103372, 0.9650178, 0.7897687, 0.86210656, 0.70003021, 1.0593286]"
wgEncodeAwgTfbsHaibGm12878Atf3Pcr1xUniPk,"[0.94152176, 0.79432887, 1.0255609, 0.88809603, 0.82169688, 0.51209986, 0.87337422, 0.79027915, 0.95980853, 0.6191088, 0.85143179, 0.7795949, 0.89365053, 0.92060834, 0.36065495, 0.82830298]"
wgEncodeAwgTfbsHaibGm12878BatfPcr1xUniPk,"[0.79281968, 0.71533227, 0.80709982, 0.76604319, 1.0242287, 0.29410237, 0.78552037, 0.79704291, 0.73054171, 0.84779215, 0.72810739, 0.73289222, 0.89423293, 0.74571276, 0.33324626, 0.70225006]"
wgEncodeAwgTfbsHaibGm12878Cebpbsc150V0422111UniPk,"[0.75777078, 0.63608664, 1.0054827, 0.69821841, 0.86725146, 0.83084643, 0.85595679, 0.67498589, 0.72357756, 0.93473428, 0.71238917, 0.75005037, 0.72451502, 0.51801735, 0.78546876, 0.88733804]"
wgEncodeAwgTfbsHaibGm12878Ebf1sc137065Pcr1xUniPk,"[0.26876625, 0.85068673, 0.83404863, 1.0437146, 0.90081429, 0.70753801, 0.97174096, 0.6880976, 0.98484975, 0.88724118, 1.0035918, 0.99492705, 0.82361472, 1.0226094, 1.0110736, 0.86492592]"
wgEncodeAwgTfbsHaibGm12878Egr1Pcr2xUniPk,"[1.1658939, 0.85771835, 0.49977028, 0.68469918, 0.89299673, 0.86525595, 0.7446152, 1.0250647, 0.54944766, 1.0693892, 0.73296636, 0.95035845, 0.92795736, 1.0409969, 0.83429265, 0.57237643]"
wgEncodeAwgTfbsHaibGm12878Elf1sc631V0416101UniPk,"[1.0683926, 0.81112665, 0.94478297, 0.9167093, 0.93018758, 0.28180027, 0.91376579, 0.3617259, 0.35367504, 0.78267974, 0.95093817, 0.84368616, 0.96503329, 0.57817972, 0.95009726, 1.1150988]"
wgEncodeAwgTfbsHaibGm12878Ets1Pcr1xUniPk,"[0.77678525, 0.79075593, 0.8710956, 0.71873009, 0.82568437, 0.6679039, 0.53645235, 0.9409591, 0.76719302, 0.92956352, 0.92155719, 0.47024095, 0.80406195, 0.81039584, 0.77046579, 0.86406004]"
wgEncodeAwgTfbsHaibGm12878Mef2aPcr1xUniPk,"[0.64416617, 0.70742011, 0.791857, 0.79821527, 0.92368424, 0.64028901, 0.84228569, 0.96414977, 0.47794041, 0.77437258, 0.36783659, 0.76386487, 0.73608625, 0.76623976, 0.90665185, 0.95223081]"
wgEncodeAwgTfbsHaibGm12878Mef2csc13268V0416101UniPk,"[0.5847519, 1.0339484, 0.84301019, 0.7838589, 0.97338843, 1.1052438, 0.85759264, 0.94537783, 0.97520757, 0.79825151, 0.3850438, 0.99312174, 0.87054336, 0.95707726, 0.55652368, 0.70403671]"
wgEncodeAwgTfbsHaibGm12878Nfatc1sc17834V0422111UniPk,"[0.75825256, 0.7411477, 0.3168782, 0.84986216, 0.68643814, 0.83208716, 0.67812419, 0.83646673, 0.75651854, 0.84207016, 0.7377556, 0.83961558, 0.25959718, 0.81788719, 0.746934, 0.72578436]"
wgEncodeAwgTfbsHaibGm12878Nficsc81335V0422111UniPk,"[0.26552871, 0.86986792, 0.97556162, 0.78928316, 0.84084022, 0.92522562, 0.76025152, 0.77456576, 0.67834938, 0.82682693, 1.0063862, 0.79632139, 0.22384022, 0.75157458, 0.72281706, 0.60225588]"
wgEncodeAwgTfbsHaibGm12878NrsfPcr1xUniPk,"[0.93487036, 0.8157708, 0.67400062, 0.86900812, 0.87571228, 0.92642272, 0.57878131, 0.56370759, 0.94219887, 0.80610937, 0.66718256, 0.92694646, 1.033133, 0.87671691, 0.94677389, 0.97339582]"
wgEncodeAwgTfbsHaibGm12878Pax5c20Pcr1xUniPk,"[0.93691278, 1.1299093, 0.63653213, 0.85738558, 1.0033606, 0.83821481, 0.79044187, 0.96469533, 0.80820787, 0.92149574, 0.98397183, 1.0754105, 0.97539985, 1.1517965, 0.6658808, 0.97187227]"
wgEncodeAwgTfbsHaibGm12878Pax5n19Pcr1xUniPk,"[0.94804692, 0.87896371, 0.97159219, 0.75272256, 1.2503314, 0.66677773, 0.89956582, 1.0680488, 0.96403933, 0.71654403, 1.1409714, 0.84949976, 1.0144792, 0.98571807, 1.0589509, 0.75825316]"
wgEncodeAwgTfbsHaibGm12878Pou2f2Pcr1xUniPk,"[1.056268, 0.77882367, 0.96945524, 0.74621791, 1.0362109, 0.97139341, 0.35745841, 0.8411445, 0.97202772, 0.6946907, 0.31902835, 0.86660135, 0.81351548, 0.91599655, 0.85434663, 0.74079978]"
wgEncodeAwgTfbsHaibGm12878Pu1Pcr1xUniPk,"[0.99370819, 0.82115483, 0.40768906, 1.0341153, 0.78347838, 1.0706295, 0.77709597, 0.93212843, 0.87966698, 0.77068788, 1.0864906, 0.99860293, 0.34844178, 1.2007118, 0.37807453, 0.76333666]"
wgEncodeAwgTfbsHaibGm12878Runx3sc101553V0422111UniPk,"[0.81151968, 0.96329069, 0.70018578, 1.0741074, 0.77231497, 0.54270589, 0.34922165, 0.85615915, 0.71705657, 0.78213531, 0.86994189, 0.3545433, 0.72773087, 0.9049443, 0.85127968, 0.90845162]"
wgEncodeAwgTfbsHaibGm12878RxraPcr1xUniPk,"[1.1042775, 1.2184695, 1.1717418, 1.0788262, 0.86108994, 1.0993646, 0.86759073, 1.2601677, 1.1567564, 0.96448052, 1.0262283, 0.9267692, 0.91418427, 0.97671127, 0.92095321, 0.91862482]"
wgEncodeAwgTfbsHaibGm12878Sp1Pcr1xUniPk,"[0.96678561, 0.97841156, 1.1257802, 1.0649813, 0.42876911, 0.98666197, 1.0389296, 1.1406449, 1.1849415, 0.68554658, 0.94707739, 0.64547104, 0.4434092, 1.1251111, 1.1645024, 1.0011916]"
wgEncodeAwgTfbsHaibGm12878SrfPcr2xUniPk,"[0.83514869, 0.85963041, 0.69231504, 0.83378875, 0.94513339, 0.89723074, 1.1513393, 0.7767784, 0.69750673, 0.74693495, 0.79655874, 0.54330391, 0.73746961, 0.71528488, 1.1146998, 0.90416777]"
wgEncodeAwgTfbsHaibGm12878Stat5asc74442V0422111UniPk,"[0.87666154, 0.39777946, 0.93446463, 0.68831718, 0.81598032, 0.62150806, 0.91626763, 0.81517333, 0.70100284, 0.79120338, 0.80942214, 0.42850593, 0.89662939, 0.78666037, 0.82083815, 0.42100841]"
wgEncodeAwgTfbsHaibGm12878Tcf12Pcr1xUniPk,"[0.94799775, 0.85878342, 0.19182426, 0.71450514, 0.80372298, 0.9759118, 0.9477278, 0.86168122, 1.1047921, 1.0357078, 0.29215333, 0.32502717, 1.068688, 0.9534024, 0.87679744, 0.91177976]"
wgEncodeAwgTfbsHaibGm12878Tcf3Pcr1xUniPk,"[0.31912753, 0.71683007, 0.15131721, 1.0125598, 1.0229533, 0.98985505, 1.0321406, 1.0691392, 0.78107673, 0.96343768, 0.89814109, 1.0397264, 0.98066092, 0.8078112, 0.84670717, 0.73229998]"
wgEncodeAwgTfbsHaibGm12878Usf1Pcr2xUniPk,"[0.92876035, 0.9238286, 0.9573316, 1.0153947, 0.65759391, 0.91709298, 0.97186834, 0.62312418, 0.37136117, 0.47845864, 0.84489912, 0.73556411, 1.0444216, 0.90295517, 0.81563646, 0.95446074]"
wgEncodeAwgTfbsHaibGm12878Yy1sc281Pcr1xUniPk,"[0.86542428, 0.77609229, 0.91042292, 0.31241116, 0.9172731, 0.83586234, 0.84102434, 0.73450899, 0.78191835, 0.37395263, 0.65382254, 0.78983915, 0.82667571, 0.42184424, 0.92674059, 0.89445806]"
wgEncodeAwgTfbsHaibGm12878Zbtb33Pcr1xUniPk,"[0.87929022, 0.80731452, 1.003857, 0.75821573, 0.81595701, 0.78856379, 0.92634642, 0.90766037, 0.85272086, 0.86806679, 0.37812516, 0.76172209, 0.82414937, 0.91074508, 0.75951666, 0.88809007]"
wgEncodeAwgTfbsHaibGm12878Zeb1sc25388V0416102UniPk,"[0.88398761, 0.97576338, 1.0751104, 0.87246811, 1.0188571, 1.018708, 0.99439949, 1.2558491, 1.1931456, 1.1682498, 1.1380692, 1.0094945, 0.38798711, 0.32604867, 0.919792, 1.0131413]"
wgEncodeAwgTfbsHaibGm12891Pax5c20V0416101UniPk,"[1.1065143, 0.99275935, 1.0676488, 0.88364625, 0.83726209, 0.98787177, 1.1224022, 1.1590339, 0.96216553, 0.97148544, 0.91142434, 1.0654647, 1.08073, 1.1079885, 0.96625549, 1.0961102]"
wgEncodeAwgTfbsHaibGm12891Pou2f2Pcr1xUniPk,"[0.95712507, 0.96861356, 0.8722772, 0.94924635, 0.30796558, 0.75084794, 0.78789985, 1.0255802, 0.89853007, 0.78113043, 0.72088069, 0.74902594, 0.7586984, 0.38587448, 0.82644272, 0.87179637]"
wgEncodeAwgTfbsHaibGm12891Pu1Pcr1xUniPk,"[0.88095427, 0.84075105, 0.34569314, 0.80365235, 1.0691102, 0.99180275, 0.98012155, 0.90837359, 0.3425304, 0.80038297, 0.91421461, 0.85183793, 0.73109329, 0.7784611, 0.90382475, 0.8015241]"
wgEncodeAwgTfbsHaibGm12891Yy1sc281V0416101UniPk,"[0.68869436, 0.8221066, 0.91642535, 0.76566482, 0.82162917, 0.84704733, 0.91718173, 0.44669056, 0.75521386, 0.29620907, 0.86587965, 0.83068758, 0.83665842, 0.88263243, 0.8561582, 0.72689295]"
wgEncodeAwgTfbsHaibGm12892Pax5c20V0416101UniPk,"[0.75609678, 0.86440259, 0.94130373, 0.8268947, 1.0668503, 0.72015685, 0.83062726, 0.78135657, 0.70160139, 0.92800629, 0.78282958, 1.2100538, 0.76843256, 0.92533785, 0.85266739, 0.77331412]"
wgEncodeAwgTfbsHaibGm12892Yy1V0416101UniPk,"[1.0004952, 0.72015089, 0.65195084, 0.85548049, 0.84060341, 0.74111831, 0.98920745, 0.43353748, 0.9299314, 0.86620802, 0.41357177, 0.88079745, 0.82733989, 1.0953156, 0.26341644, 0.80709571]"
wgEncodeAwgTfbsHaibH1hescAtf3V0416102UniPk,"[0.67387062, 1.036891, 0.98949629, 0.8823877, 0.7111786, 0.9452762, 0.64653122, 0.42115575, 0.49247631, 0.84565538, 0.814331, 0.91263574, 0.91997629, 0.77001876, 0.75696027, 0.94865763]"
wgEncodeAwgTfbsHaibH1hescCtcfsc5916V0416102UniPk,"[0.36121529, 0.79743242, 0.97631037, 1.0738541, 1.0385368, 0.98277128, 0.61069167, 0.83385193, 0.33980006, 0.48408428, 0.73276019, 1.0327331, 1.1266198, 0.92215925, 0.97090894, 1.2445786]"
wgEncodeAwgTfbsHaibH1hescEgr1V0416102UniPk,"[0.62126589, 0.85123253, 1.2520736, 0.84812963, 0.69437128, 1.0291243, 0.56219947, 0.84128821, 0.92788047, 0.78356695, 0.9457522, 0.89276022, 1.0330862, 1.1479511, 1.0342824, 0.98495519]"
wgEncodeAwgTfbsHaibH1hescFosl1sc183V0416102UniPk,"[0.83513743, 0.9383592, 0.6789887, 0.8216539, 0.80902237, 0.90940714, 0.71281511, 0.74164385, 0.95812899, 0.63908839, 0.76550674, 0.61917937, 0.83944505, 0.92147452, 0.75661695, 0.88735586]"
wgEncodeAwgTfbsHaibH1hescJundV0416102UniPk,"[0.7783103, 0.94739825, 0.38016641, 0.53734547, 1.0794176, 0.71056551, 0.78412741, 0.8222127, 0.52460963, 0.8552224, 0.88527405, 0.90044904, 0.8074196, 0.71341276, 0.93854642, 0.71391129]"
wgEncodeAwgTfbsHaibH1hescNrsfV0416102UniPk,"[0.96854407, 0.96761376, 1.1201268, 1.0105923, 0.48067048, 1.1317331, 0.92738473, 1.1720362, 1.0107111, 0.97979808, 0.52926576, 0.97752219, 0.67605376, 1.0577484, 0.99839133, 1.0773696]"
wgEncodeAwgTfbsHaibH1hescPou5f1sc9081V0416102UniPk,"[0.74637353, 0.79430741, 0.79351121, 0.63580424, 0.81989175, 0.91447371, 0.41790053, 0.82212156, 0.88073927, 0.94727707, 0.4479599, 0.99767745, 0.70077491, 0.86579996, 0.74472505, 0.78990936]"
wgEncodeAwgTfbsHaibH1hescRxraV0416102UniPk,"[0.83622658, 0.94557852, 0.71443611, 0.7024259, 0.81697065, 0.97153592, 0.90809304, 0.78453535, 0.77337927, 0.88673341, 0.89262819, 1.0728246, 0.86201596, 0.83631468, 0.94731063, 0.82707185]"
wgEncodeAwgTfbsHaibH1hescSp1Pcr1xUniPk,"[0.8952511, 1.0063168, 1.1564431, 1.3063574, 0.75509566, 0.76614976, 0.73604852, 0.92790085, 0.8918764, 0.43757102, 0.30310875, 0.52167642, 1.0566765, 1.0739179, 0.77264428, 1.2122082]"
wgEncodeAwgTfbsHaibH1hescSp2V0422111UniPk,"[1.0901656, 0.93313652, 0.9049896, 0.71234208, 0.89932656, 0.6322878, 0.97255141, 1.0230385, 0.794608, 0.86903077, 0.90856194, 0.97864997, 1.0216862, 0.70952857, 0.93385589, 0.95865202]"
wgEncodeAwgTfbsHaibH1hescSp4v20V0422111UniPk,"[0.96416366, 0.93721229, 1.0065626, 1.0024288, 0.75372416, 0.45128316, 0.9720825, 0.81998551, 0.94897401, 0.92883581, 0.6600104, 1.1288015, 0.52436662, 1.1091572, 0.95948637, 0.50009191]"
wgEncodeAwgTfbsHaibH1hescSrfPcr1xUniPk,"[0.89443183, 0.85133559, 0.34960395, 0.99016708, 0.83337408, 0.83254099, 0.8355664, 0.90739143, 0.83445299, 0.43838894, 0.53093708, 0.82624274, 0.88589811, 0.95807302, 0.90917188, 0.79672807]"
wgEncodeAwgTfbsHaibH1hescTcf12Pcr1xUniPk,"[1.0851234, 0.804528, 1.0096809, 1.0718529, 1.0512677, 0.79801285, 1.1175023, 1.1474028, 0.97897983, 0.51157069, 1.0209697, 0.87268823, 0.18426999, 0.90420502, 0.99025452, 1.1252301]"
wgEncodeAwgTfbsHaibH1hescTead4sc101184V0422111UniPk,"[0.3829776, 0.66952109, 0.77165103, 0.82003516, 0.7753647, 0.35893169, 0.29967988, 0.88815224, 1.0784205, 0.72120172, 0.994914, 0.84522659, 0.92965263, 0.92764163, 0.87605703, 0.79298049]"
wgEncodeAwgTfbsHaibH1hescUsf1Pcr1xUniPk,"[1.044266, 1.0249552, 0.29379037, 0.97711128, 0.90072823, 1.1091282, 0.3296701, 1.0003401, 1.0470948, 0.97896981, 1.061464, 1.0972488, 1.0421126, 1.0956585, 1.00385, 0.98598218]"
wgEncodeAwgTfbsHaibH1hescYy1sc281V0416102UniPk,"[0.83694547, 0.78666449, 0.94124609, 0.73014921, 0.71985716, 0.93144411, 0.3381891, 0.69251382, 0.4171727, 0.89214987, 0.91219431, 0.88079941, 0.90407962, 0.89569074, 0.88986224, 0.36566052]"
wgEncodeAwgTfbsHaibHct116Yy1sc281V0416101UniPk,"[0.78801721, 0.88269585, 0.86676615, 0.92415065, 0.76283056, 0.68847793, 0.74609262, 0.76236808, 0.25002208, 0.93560797, 0.80008161, 0.31462589, 1.0418541, 0.87984312, 0.72453493, 0.78284913]"
wgEncodeAwgTfbsHaibHct116Zbtb33V0416101UniPk,"[0.85698014, 0.80099142, 0.8097434, 0.59733599, 0.36468902, 1.0261908, 1.0169772, 0.92428559, 0.97809851, 0.65524817, 1.04574, 0.62150943, 0.73309511, 0.8785032, 0.92163557, 0.70619452]"
wgEncodeAwgTfbsHaibHelas3NrsfPcr1xUniPk,"[0.86764961, 0.82884431, 0.87872559, 0.90416396, 0.90644979, 0.84791237, 0.87327909, 0.86633772, 0.60417265, 0.86141896, 0.92090487, 0.86616671, 0.85218763, 0.54076737, 1.0000007, 0.63470685]"
wgEncodeAwgTfbsHaibHepg2Atf3V0416101UniPk,"[0.68223602, 0.8784526, 0.81766564, 0.69159096, 0.63723445, 0.69544053, 0.75284165, 0.66779333, 0.74606001, 0.92795563, 0.72099787, 0.88025755, 0.57736707, 0.79081452, 0.87577134, 0.83790988]"
wgEncodeAwgTfbsHaibHepg2Bhlhe40V0416101UniPk,"[0.57690984, 1.06982, 1.0331492, 0.39026126, 1.2404801, 0.64980483, 0.89314783, 0.6652596, 0.83837926, 0.97969162, 0.87991261, 0.76829249, 0.73810351, 0.82523733, 0.81873775, 0.49730125]"
wgEncodeAwgTfbsHaibHepg2Cebpbsc150V0416101UniPk,"[0.96999341, 0.89847922, 0.82227135, 0.76731133, 0.80825442, 0.84778076, 0.85417587, 0.3821032, 0.37859169, 0.82135224, 0.80164415, 0.83744603, 0.81861061, 0.8743313, 0.83412576, 0.82989115]"
wgEncodeAwgTfbsHaibHepg2Cebpdsc636V0416101UniPk,"[0.94829804, 0.71692598, 0.79100943, 0.74075973, 0.79887396, 0.83324128, 0.91523916, 0.69553602, 0.41610205, 0.87702018, 0.78003114, 0.80167216, 0.75962335, 0.72949392, 0.96888316, 0.71752077]"
wgEncodeAwgTfbsHaibHepg2Ctcfsc5916V0416101UniPk,"[0.93194771, 0.80713594, 0.82196367, 0.67126542, 1.0324433, 1.0358782, 0.5091387, 0.53023285, 0.90414459, 0.95437843, 0.96761304, 0.85799104, 0.75121939, 0.88380384, 0.47719216, 0.71639735]"
wgEncodeAwgTfbsHaibHepg2Elf1sc631V0416101UniPk,"[0.8517586, 0.70549858, 1.0628326, 0.94097131, 0.67904627, 0.9336701, 0.77917451, 0.95313799, 0.32821831, 0.82333893, 0.33802855, 0.84045023, 0.86092818, 0.81164968, 1.0622749, 0.58190101]"
wgEncodeAwgTfbsHaibHepg2Fosl2V0416101UniPk,"[1.0614587, 1.132388, 0.96446472, 0.88625109, 0.87420917, 0.97880036, 0.98985153, 0.94848931, 0.92182434, 0.98311824, 0.79945803, 1.0167805, 0.30700275, 0.96180117, 1.0383439, 0.3269223]"
wgEncodeAwgTfbsHaibHepg2Foxa1sc101058V0416101UniPk,"[1.1219085, 1.189375, 1.1022717, 1.1944737, 1.2220811, 0.92328787, 0.40053746, 1.2638395, 0.97589511, 0.39350006, 1.0898829, 0.99258399, 1.0370382, 0.94268918, 0.96615905, 1.0425442]"
wgEncodeAwgTfbsHaibHepg2Foxa1sc6553V0416101UniPk,"[0.80614036, 1.0211433, 1.0581037, 1.0505593, 0.87874442, 0.88246149, 0.45005661, 0.99065018, 0.81640261, 0.65766716, 0.9316982, 0.93548334, 0.88132399, 0.33682635, 0.78849328, 0.4853352]"
wgEncodeAwgTfbsHaibHepg2Foxa2sc6554V0416101UniPk,"[0.9145208, 1.1374481, 0.64542687, 0.31002349, 1.1396799, 0.42940408, 1.0791529, 0.98412031, 1.0745718, 1.067281, 0.45071498, 0.99272275, 0.72043669, 0.97024351, 1.0332129, 0.9940753]"
wgEncodeAwgTfbsHaibHepg2Hnf4asc8987V0416101UniPk,"[0.70996112, 0.92165017, 0.96323156, 0.70245308, 0.47246405, 0.42561236, 0.42123023, 1.055554, 0.80909866, 1.0451174, 0.91501355, 0.47817317, 0.88060164, 0.76865977, 0.93417138, 0.68006349]"
wgEncodeAwgTfbsHaibHepg2Hnf4gsc6558V0416101UniPk,"[0.73417073, 0.8435449, 0.96742904, 0.86320895, 0.36115623, 0.7918126, 1.069199, 0.81955397, 0.65687746, 0.90381187, 0.97070742, 0.40648484, 0.77461088, 0.87414068, 0.95187438, 0.86010665]"
wgEncodeAwgTfbsHaibHepg2JundPcr1xUniPk,"[0.9847334, 0.71212256, 0.57566231, 0.91348696, 0.72976077, 0.64756012, 0.74909663, 0.91844004, 0.78151762, 0.79167694, 0.92165297, 0.68142515, 0.94939238, 0.73336947, 0.76844436, 0.2811366]"
wgEncodeAwgTfbsHaibHepg2Mybl2sc81192V0422111UniPk,"[0.7193988, 0.71742421, 0.80672073, 0.83709329, 0.47546685, 0.8659265, 0.90863061, 0.31048465, 0.76211661, 0.7660656, 0.84456301, 0.81457782, 0.81088006, 0.86088377, 0.89501727, 0.77393794]"
wgEncodeAwgTfbsHaibHepg2Nficsc81335V0422111UniPk,"[0.82574129, 0.81603491, 0.95017761, 0.89773059, 0.57378364, 0.78428465, 0.66415465, 0.91181993, 0.16988425, 0.91570544, 0.89584899, 0.86314303, 0.87591273, 0.90601927, 0.60937095, 0.76970828]"
wgEncodeAwgTfbsHaibHepg2NrsfPcr2xUniPk,"[0.79360551, 0.82873458, 0.7165882, 0.71811891, 0.83542615, 0.87627488, 0.85560888, 0.68116927, 0.82324851, 0.84926724, 0.82397062, 0.59297782, 0.69765526, 0.83256394, 0.80731636, 0.5728392]"
wgEncodeAwgTfbsHaibHepg2NrsfV0416101UniPk,"[0.96006793, 0.85882753, 0.86259592, 0.6395703, 1.1048719, 0.90407532, 1.0867865, 1.0264096, 1.1358246, 0.95493323, 0.52184689, 0.93367708, 1.1790695, 1.1174195, 0.96114928, 1.1290475]"
wgEncodeAwgTfbsHaibHepg2RxraPcr1xUniPk,"[1.0188403, 0.9889366, 0.84504831, 0.85926241, 0.93232435, 0.3857207, 0.8914147, 0.37734443, 0.90626925, 0.73055995, 0.83335501, 0.97882128, 0.99847335, 0.65307981, 0.7430042, 0.89930207]"
wgEncodeAwgTfbsHaibHepg2Sp1Pcr1xUniPk,"[1.0838639, 0.99205214, 0.45580417, 0.82001352, 0.74575877, 0.63164657, 0.3636432, 0.69376123, 0.90354544, 0.97073656, 0.9196592, 0.63872659, 0.42256573, 1.0286912, 0.97626245, 0.97047561]"
wgEncodeAwgTfbsHaibHepg2Sp2V0422111UniPk,"[0.74071962, 0.93234032, 0.66050094, 0.77557153, 0.63062495, 0.69522536, 0.71413469, 0.82798636, 0.96417832, 0.68780553, 1.0109543, 1.0043222, 0.87913078, 0.91943848, 0.87777168, 1.0194649]"
wgEncodeAwgTfbsHaibHepg2SrfV0416101UniPk,"[0.86494392, 0.92565107, 1.133599, 0.8646248, 0.67232126, 0.81885779, 0.31282967, 0.84730011, 0.76871324, 0.6805523, 0.83079821, 0.82417685, 0.6928733, 0.86332095, 0.93767166, 0.84469396]"
wgEncodeAwgTfbsHaibHepg2Tcf12Pcr1xUniPk,"[0.97284079, 0.97402823, 1.1629071, 1.0055933, 0.9502961, 0.87542731, 1.0313845, 1.2351606, 0.53273129, 1.1989688, 1.3225784, 1.1058514, 0.81915087, 0.96949929, 1.1185579, 0.88736403]"
wgEncodeAwgTfbsHaibHepg2Tead4sc101184V0422111UniPk,"[0.9447391, 0.9112314, 0.87464011, 0.86352682, 0.84516299, 0.3840735, 0.70768857, 0.79851061, 0.78318512, 0.74380898, 0.74392599, 0.78294092, 0.88909739, 0.77469742, 0.30382144, 0.85867178]"
wgEncodeAwgTfbsHaibHepg2Usf1Pcr1xUniPk,"[0.83409971, 1.0075366, 0.36025089, 0.8297478, 0.94724333, 0.28246912, 1.0001668, 0.82061541, 0.82303083, 0.82554835, 0.84085268, 0.97738409, 0.97172415, 0.99737, 0.93718535, 0.91086364]"
wgEncodeAwgTfbsHaibHepg2Yy1sc281V0416101UniPk,"[0.83246452, 0.8902567, 0.91306949, 0.44746551, 0.88821036, 0.80259699, 0.89134902, 0.86296815, 0.93529779, 0.71008241, 0.78019857, 0.26403964, 0.89738882, 0.84480447, 1.0265181, 0.73511922]"
wgEncodeAwgTfbsHaibHepg2Zbtb33Pcr1xUniPk,"[0.99598145, 1.1840824, 1.0063199, 0.78733897, 1.0004873, 1.0841504, 1.0726734, 0.99981099, 0.89716303, 1.0585169, 1.1037762, 0.91135961, 0.97668719, 0.86030084, 0.99438339, 0.61756551]"
wgEncodeAwgTfbsHaibHepg2Zbtb7aV0416101UniPk,"[0.9348802, 0.94961411, 0.35025841, 0.78258348, 0.91386253, 0.8679834, 0.44271469, 0.90018523, 0.84225619, 0.81646228, 1.1136639, 0.924981, 0.82009745, 1.1461014, 1.146413, 0.93295366]"
wgEncodeAwgTfbsHaibK562Atf3V0416101UniPk,"[1.0121211, 1.1194084, 0.90069002, 0.2986472, 0.96836561, 0.33186805, 0.92081296, 0.99167114, 0.97039324, 1.0435318, 1.0168399, 0.8666243, 1.230269, 0.95138758, 1.2953916, 1.102697]"
wgEncodeAwgTfbsHaibK562Cebpbsc150V0422111UniPk,"[0.92502898, 0.78186411, 0.83108336, 0.87662566, 0.76240379, 0.9142924, 0.78716695, 0.73602605, 0.70459771, 0.87162942, 0.86782783, 0.9843635, 0.91560781, 0.32075274, 0.62817436, 0.84111565]"
wgEncodeAwgTfbsHaibK562CtcfcPcr1xUniPk,"[0.97312653, 0.8621546, 0.91197222, 0.83554369, 1.1315811, 0.55445129, 0.95507622, 0.31655729, 1.1479208, 0.43346229, 1.0347621, 0.82240236, 0.92187631, 0.92800629, 0.95327085, 0.99680513]"
wgEncodeAwgTfbsHaibK562E2f6V0416102UniPk,"[0.95440483, 0.29501736, 0.96515518, 1.010233, 0.93350631, 1.0263648, 1.2831125, 1.0798917, 0.89320886, 0.36534432, 1.2056675, 1.0330493, 0.8237974, 0.73653448, 1.0836138, 0.86361647]"
wgEncodeAwgTfbsHaibK562Egr1V0416101UniPk,"[1.1208087, 0.95678324, 0.60031974, 1.0427521, 1.0563065, 1.1039753, 1.2078482, 1.1623281, 0.85476202, 0.7838465, 0.43445769, 1.2475591, 1.0774398, 0.79883194, 0.49782559, 0.76269454]"
wgEncodeAwgTfbsHaibK562Elf1sc631V0416102UniPk,"[0.84118956, 0.96046638, 0.99063438, 0.36116019, 0.89007914, 0.36179069, 0.34220964, 0.88198441, 1.01413, 0.31803897, 0.8182947, 1.1249392, 0.48236001, 0.86736524, 1.0621022, 0.89100105]"
wgEncodeAwgTfbsHaibK562Ets1V0416101UniPk,"[0.39453918, 0.83649999, 0.76152587, 0.88007116, 0.32894403, 0.84961694, 0.83914, 0.31911173, 0.80709386, 0.86598718, 0.79298282, 0.97804803, 0.79910356, 0.97838902, 0.73382425, 0.72158784]"
wgEncodeAwgTfbsHaibK562Fosl1sc183V0416101UniPk,"[0.37100357, 1.0531229, 1.210839, 1.1545014, 1.137952, 0.8629908, 0.58230174, 1.0020698, 0.58013272, 1.1752244, 0.92879367, 1.2068002, 0.83243483, 0.94541287, 1.0851082, 0.95428437]"
wgEncodeAwgTfbsHaibK562Gata2sc267Pcr1xUniPk,"[0.9171837, 0.58045697, 0.17856027, 0.89793402, 0.58483952, 1.0768857, 0.84158099, 0.8183006, 0.79075652, 0.7325511, 0.93558675, 0.79686981, 0.79597825, 0.88666135, 0.48806608, 0.89253801]"
wgEncodeAwgTfbsHaibK562MaxV0416102UniPk,"[0.28618258, 0.95612794, 0.90990549, 1.1479123, 0.23304909, 0.85819334, 1.1041843, 0.93921655, 0.67514801, 1.0158677, 0.89467192, 0.55549151, 0.9662779, 0.75250655, 0.89191306, 0.97388983]"
wgEncodeAwgTfbsHaibK562Mef2aV0416101UniPk,"[1.0884256, 0.83820266, 0.85128754, 0.98483062, 0.54938644, 0.98391676, 1.0121061, 0.82315463, 1.1480688, 0.64520574, 1.0467399, 0.91892862, 1.2417746, 0.65687972, 0.99592137, 1.0004579]"
wgEncodeAwgTfbsHaibK562NrsfV0416102UniPk,"[0.9077639, 0.72870481, 0.9480291, 1.0367962, 1.1028671, 0.87499344, 0.8635475, 1.0007455, 0.87871552, 0.52383196, 0.86655474, 0.92083824, 0.94762588, 0.98617959, 0.41641158, 0.72930199]"
wgEncodeAwgTfbsHaibK562Pu1Pcr1xUniPk,"[0.65465051, 1.0894177, 0.97818208, 0.68103462, 0.91806483, 0.72887564, 0.33646709, 1.0216502, 0.41030079, 0.7569927, 0.85879189, 0.8130753, 0.76410013, 0.99356216, 0.70967042, 0.4054628]"
wgEncodeAwgTfbsHaibK562Sp1Pcr1xUniPk,"[1.0863252, 1.0484997, 0.72095305, 0.97548258, 0.41984394, 0.99389952, 0.77369738, 1.1376528, 0.66874003, 0.91438568, 0.81428802, 0.88626534, 0.74841505, 0.88491076, 1.0355376, 0.79887986]"
wgEncodeAwgTfbsHaibK562Sp2sc643V0416102UniPk,"[0.85698229, 1.1960609, 1.2302241, 1.0299476, 0.57703787, 0.83165854, 1.281455, 0.86716551, 0.74527878, 0.61648178, 1.0087005, 1.213446, 0.58143485, 1.0375634, 0.91183782, 0.82487869]"
wgEncodeAwgTfbsHaibK562SrfV0416101UniPk,"[0.89944863, 0.55316621, 0.79037786, 0.78570062, 0.65386319, 0.78503424, 0.84658456, 0.98715484, 0.87152016, 0.86351454, 0.90594649, 0.83985537, 0.7978065, 0.81354898, 0.80741471, 0.87694061]"
wgEncodeAwgTfbsHaibK562Stat5asc74442V0422111UniPk,"[0.96476561, 1.2195109, 0.78402162, 0.9952476, 0.88521928, 0.80111879, 1.104975, 0.90913653, 0.85962176, 1.0949695, 1.1517793, 0.48402938, 0.98292387, 0.94330007, 0.59127873, 1.0257792]"
wgEncodeAwgTfbsHaibK562Tead4sc101184V0422111UniPk,"[0.74290437, 0.72329926, 0.76076752, 0.910308, 0.84859431, 0.26786518, 0.74312782, 0.20289341, 0.93312103, 0.87134314, 0.73599893, 0.96992946, 0.71755719, 0.79346138, 0.73712516, 0.74990213]"
wgEncodeAwgTfbsHaibK562Thap1sc98174V0416101UniPk,"[0.93248826, 0.84107405, 0.75621092, 0.73958206, 0.85210013, 0.94570589, 0.69801259, 0.88903826, 0.72293442, 0.81564742, 0.84761512, 0.90001404, 0.98029977, 0.38034424, 0.8503589, 0.55204302]"
wgEncodeAwgTfbsHaibK562Usf1V0416101UniPk,"[0.93354607, 0.5811125, 0.96987987, 0.97877032, 0.8521198, 1.016816, 0.79015261, 1.0835286, 0.94456542, 0.9441818, 0.98517603, 0.6959371, 0.42795724, 0.83773178, 1.085191, 0.44720039]"
wgEncodeAwgTfbsHaibK562Yy1V0416101UniPk,"[0.86566848, 0.76422471, 0.83458763, 0.654562, 0.75895476, 0.79148805, 0.93602633, 0.32350606, 0.76525635, 0.65604675, 0.81971461, 0.88570708, 0.82295656, 1.0263165, 0.84360826, 0.32995683]"
wgEncodeAwgTfbsHaibK562Yy1V0416102UniPk,"[0.88568652, 0.7523616, 0.20376343, 0.81865793, 0.8567785, 0.32581654, 1.0477251, 0.8893075, 0.80886263, 0.8251676, 0.27309161, 0.65108824, 0.83098739, 0.98039031, 0.85112435, 0.81688124]"
wgEncodeAwgTfbsHaibK562Zbtb33Pcr1xUniPk,"[1.0893553, 0.99117821, 1.2076622, 1.0111612, 1.013001, 1.018885, 1.0314255, 0.85338426, 0.91032636, 0.58903676, 1.0569301, 1.2038531, 1.0112376, 1.0033398, 1.1561127, 0.95569682]"
wgEncodeAwgTfbsHaibK562Zbtb7asc34508V0416101UniPk,"[0.92967242, 0.76866424, 0.88287514, 1.0800669, 1.1295971, 0.73636597, 0.98743981, 0.23608625, 0.96635568, 0.86781234, 0.4928993, 0.82056963, 1.150589, 0.90608209, 1.1234825, 0.34045273]"
wgEncodeAwgTfbsHaibPanc1NrsfPcr2xUniPk,"[1.0547714, 0.85017729, 0.73893857, 0.83157969, 1.081774, 0.9041732, 0.45417911, 0.98812377, 1.0094938, 0.58052373, 0.83226568, 0.91621643, 0.72026491, 1.1438856, 1.2011573, 0.88134825]"
wgEncodeAwgTfbsHaibPfsk1Foxp2Pcr2xUniPk,"[0.71640992, 0.40118432, 0.89663434, 0.70928937, 0.8241322, 0.76902354, 0.33978567, 0.33856216, 0.94785428, 0.89064109, 0.89147782, 0.47489715, 0.68618041, 0.82308924, 0.86311144, 0.77030355]"
wgEncodeAwgTfbsHaibPfsk1NrsfPcr2xUniPk,"[0.96211916, 0.89753944, 0.50448644, 0.74053937, 0.83568591, 0.96669388, 0.9099375, 0.78501624, 0.92481363, 0.74185705, 0.78134155, 0.88431895, 0.94122964, 0.99027979, 0.88649017, 0.47877964]"
wgEncodeAwgTfbsHaibSknmcFoxp2Pcr2xUniPk,"[0.28848168, 1.0030093, 0.77659011, 0.98156708, 0.61248463, 1.0242754, 1.145002, 0.89908522, 0.31991103, 1.0125611, 0.78380603, 1.0654287, 0.92365885, 1.0364182, 0.37677661, 0.3534137]"
wgEncodeAwgTfbsHaibSknshNrsfPcr2xUniPk,"[0.78926688, 1.1398124, 1.1915267, 1.1237826, 1.0367448, 1.0555902, 0.54004484, 0.8896414, 0.91549814, 0.95515704, 0.94962311, 0.51617223, 0.87561285, 0.88746107, 0.58642387, 1.1479033]"
wgEncodeAwgTfbsHaibSknshNrsfV0416101UniPk,"[1.063792, 0.71494788, 0.97727394, 0.53262365, 0.98977613, 0.80980736, 0.69999385, 1.0229135, 0.87512171, 0.87601006, 0.84842306, 0.58276021, 0.80912203, 0.81339735, 0.95130682, 0.98147494]"
wgEncodeAwgTfbsHaibSknshraCtcfV0416102UniPk,"[0.80832064, 1.0792626, 1.0388511, 0.80127549, 0.47676879, 0.76235062, 1.0052164, 1.0320685, 0.87599075, 0.74296051, 0.39832199, 0.93686807, 1.0543593, 0.66916656, 0.92179656, 0.87606204]"
wgEncodeAwgTfbsHaibSknshraUsf1sc8983V0416102UniPk,"[0.58836901, 0.76347899, 0.8912586, 0.73018891, 0.81677109, 0.68463653, 0.81028062, 0.76625389, 0.86682081, 0.96234667, 0.79030526, 0.8824777, 0.58539516, 0.71604669, 0.80132818, 0.67777532]"
wgEncodeAwgTfbsHaibSknshraYy1sc281V0416102UniPk,"[0.92085892, 0.87429994, 0.89005554, 0.73190767, 0.77884698, 0.75431055, 0.79869616, 0.75525177, 0.81495702, 0.42945451, 0.84731328, 0.85649812, 0.64344406, 0.76677072, 0.38536471, 0.85722595]"
wgEncodeAwgTfbsHaibT47dCtcfsc5916V0416102Dm002p1hUniPk,"[1.0822133, 0.87326056, 0.80303884, 0.98257697, 0.97878373, 1.0577388, 0.89998299, 0.35651028, 0.85324115, 0.34741691, 0.9508422, 1.0204632, 0.6178968, 0.87144315, 0.93101996, 0.78578836]"
wgEncodeAwgTfbsHaibT47dEraaV0416102Bpa1hUniPk,"[0.79437971, 0.80173248, 0.83237439, 0.7709133, 0.94183564, 0.928491, 0.57958829, 0.9269436, 0.82004458, 1.1974491, 0.81953835, 0.7458815, 0.75720084, 0.62867111, 0.78081924, 0.90053058]"
wgEncodeAwgTfbsHaibT47dEralphaaPcr2xGen1hUniPk,"[0.95116228, 0.45386237, 0.96707183, 0.8852613, 0.86534411, 0.51007193, 0.60399973, 1.0499855, 0.67233694, 0.83569574, 0.77622986, 0.97906488, 0.84211534, 0.79004341, 0.93416864, 0.82656181]"
wgEncodeAwgTfbsHaibT47dEralphaaV0416102Est10nm1hUniPk,"[0.92491949, 0.86662215, 0.7636019, 0.8250978, 0.45054546, 0.76091278, 0.79556537, 0.78389621, 0.99309832, 0.7877785, 0.82268387, 0.76700902, 0.65452951, 0.7809146, 0.9113304, 0.82891351]"
wgEncodeAwgTfbsHaibT47dFoxa1sc6553V0416102Dm002p1hUniPk,"[1.2654954, 1.0721213, 1.0073944, 0.84544188, 1.0284648, 0.86942291, 0.99781454, 0.94966108, 0.90970045, 0.41159293, 0.95374143, 0.91286379, 0.92750305, 0.8961376, 0.89391828, 0.46248555]"
wgEncodeAwgTfbsHaibT47dGata3sc268V0416102Dm002p1hUniPk,"[0.72895461, 0.83485585, 0.84111565, 0.9144249, 1.0479959, 0.14919601, 0.78458059, 0.72786325, 0.69923854, 0.60576051, 0.79197013, 0.82952654, 1.0527285, 0.96611273, 0.95725745, 0.15402506]"
wgEncodeAwgTfbsHaibU87NrsfPcr2xUniPk,"[1.1480831, 0.50587958, 0.73899955, 0.59358788, 0.94298995, 0.87776303, 0.87564188, 0.8920061, 0.79624295, 0.94371736, 1.0398275, 0.8944909, 0.74868602, 1.0090009, 1.1077983, 1.0834734]"
wgEncodeAwgTfbsSydhA549Bhlhe40IggrabUniPk,"[1.0519317, 0.91994476, 0.49830863, 0.65246505, 0.55416316, 0.33998671, 0.81923485, 1.1212914, 0.87510192, 0.71727479, 0.90074027, 0.79739451, 0.99413687, 0.78393424, 0.85978597, 0.83169073]"
wgEncodeAwgTfbsSydhA549CebpbIggrabUniPk,"[0.9175052, 0.80032748, 0.87710059, 0.9140628, 0.29558069, 0.93906981, 1.0648879, 0.7629053, 0.25233087, 0.93678886, 0.94912547, 0.94914263, 0.84526503, 0.55445403, 0.95481515, 0.91146958]"
wgEncodeAwgTfbsSydhA549MaxIggrabUniPk,"[0.98783273, 0.28266388, 0.86528176, 0.9619745, 0.25220323, 1.0178707, 0.92202622, 0.77874184, 0.8780477, 0.91924316, 0.82608956, 0.76099038, 0.89407945, 1.0923226, 0.7603054, 0.70566767]"
wgEncodeAwgTfbsSydhGm10847NfkbTnfaIggrabUniPk,"[0.90345544, 0.34940797, 0.89984685, 0.87491691, 0.95953923, 0.87740618, 0.78092474, 0.91715509, 0.73349899, 0.69605255, 0.56656188, 0.9466089, 0.64879721, 0.68025512, 0.8476516, 0.68473142]"
wgEncodeAwgTfbsSydhGm12878Bhlhe40cIggmusUniPk,"[0.77836853, 0.98323214, 0.64072204, 0.91170156, 0.84630358, 0.86674887, 0.74208158, 0.88605577, 0.77804434, 0.30138311, 0.78858298, 0.89531165, 0.84788913, 0.80608803, 0.666224, 0.96397215]"
wgEncodeAwgTfbsSydhGm12878CfosUniPk,"[0.5879851, 0.80605048, 1.1459053, 0.90533948, 0.78180617, 0.95705408, 0.71180785, 0.90768832, 0.89856392, 0.85643989, 0.80947065, 0.82741064, 0.82366335, 0.85948914, 0.83033091, 0.89858317]"
wgEncodeAwgTfbsSydhGm12878Ctcfsc15914c20UniPk,"[0.83048701, 0.95373183, 0.41273934, 0.82557493, 0.78391534, 0.92274386, 0.82185775, 1.0249897, 0.98976701, 0.79381841, 0.71921295, 0.97428602, 0.91820097, 0.90068978, 0.34384635, 0.83070993]"
wgEncodeAwgTfbsSydhGm12878E2f4IggmusUniPk,"[0.8154487, 0.91678965, 0.93363088, 1.1063155, 1.2060387, 1.0484902, 1.0586581, 0.79164529, 1.0259088, 0.94564497, 1.067567, 0.89360583, 1.1269019, 1.1063904, 1.0075523, 0.79320699]"
wgEncodeAwgTfbsSydhGm12878Ebf1sc137065UniPk,"[0.34768623, 0.29883811, 1.0834529, 0.8832947, 1.0327733, 1.0924644, 0.93860245, 0.87764513, 1.0171671, 0.95395762, 0.43027717, 1.0311675, 0.64023852, 1.2557377, 0.97154588, 0.84954041]"
wgEncodeAwgTfbsSydhGm12878Elk112771IggmusUniPk,"[0.73693711, 0.97968245, 0.28236446, 0.69319254, 0.82686758, 1.023919, 0.59297818, 0.71569496, 0.8518914, 0.99102694, 0.77206194, 0.75391465, 0.77308875, 0.86608744, 0.82546347, 0.70675433]"
wgEncodeAwgTfbsSydhGm12878JundUniPk,"[0.8672632, 0.75861251, 1.4232347, 0.95529252, 0.52752358, 0.73360735, 0.94374877, 0.91261458, 0.79418433, 0.82981354, 0.93124741, 0.80013359, 0.74670303, 0.72557223, 0.80291235, 0.84442866]"
wgEncodeAwgTfbsSydhGm12878MaxIggmusUniPk,"[0.80429614, 0.75975817, 0.81554788, 0.78226858, 0.79399461, 0.94010526, 0.69280261, 0.9265027, 0.93449265, 0.81864417, 0.31261542, 0.26641464, 0.80843925, 0.97127944, 0.97153658, 1.0188597]"
wgEncodeAwgTfbsSydhGm12878Nfe2sc22827UniPk,"[0.92922568, 0.85016906, 0.91578537, 0.88844025, 1.0555872, 0.8687377, 0.76819348, 0.70043355, 0.89383852, 0.77889901, 0.79849154, 0.97284454, 0.84065002, 0.98650217, 1.0799875, 0.76635259]"
wgEncodeAwgTfbsSydhGm12878NfkbTnfaIggrabUniPk,"[0.71207583, 1.0055166, 0.9205578, 0.93693084, 1.0180494, 0.90165257, 0.30106273, 0.39026487, 0.66036206, 0.923235, 0.82099319, 0.79784417, 1.0424299, 1.2319058, 1.0440738, 0.79609102]"
wgEncodeAwgTfbsSydhGm12878NfyaIggmusUniPk,"[0.73384237, 0.69312698, 0.82125354, 0.61383128, 0.80214709, 0.83574998, 0.89560074, 0.79796875, 0.8482042, 0.72557068, 0.82774538, 1.0228946, 0.83739191, 0.82328546, 0.74140304, 0.69892591]"
wgEncodeAwgTfbsSydhGm12878NfybIggmusUniPk,"[0.76852751, 0.85235792, 0.69655657, 0.88985038, 0.81211996, 1.0010381, 0.37816527, 0.28949413, 0.89987355, 0.83203161, 0.87069219, 0.57844156, 0.82132566, 0.7719745, 0.23906887, 0.742176]"
wgEncodeAwgTfbsSydhGm12878Nrf1IggmusUniPk,"[1.0476351, 0.81719625, 0.8915056, 0.91456532, 0.87607747, 1.1381688, 0.93069261, 1.1858931, 1.0384021, 0.62698573, 0.43795502, 0.90281075, 0.83268189, 0.9227643, 0.99055803, 1.0338215]"
wgEncodeAwgTfbsSydhGm12878Rfx5200401194IggmusUniPk,"[0.83423173, 0.70668638, 0.8739531, 0.74230498, 0.69995904, 0.57917523, 0.63645887, 0.77905715, 0.91149551, 0.9648385, 0.74222893, 1.0527654, 0.95711279, 0.70615548, 0.92052484, 0.53410661]"
wgEncodeAwgTfbsSydhGm12878Stat1UniPk,"[0.74533379, 1.0447309, 0.64815515, 0.79417902, 0.72182345, 0.75954813, 0.68164206, 0.76942438, 0.79757148, 0.77758437, 0.8743403, 0.77838135, 0.84816772, 0.60388899, 0.88303494, 0.78927797]"
wgEncodeAwgTfbsSydhGm12878Stat3IggmusUniPk,"[1.009781, 0.40838468, 0.89895421, 0.98659551, 0.95583373, 0.84876424, 0.98619461, 0.89552599, 0.75638199, 1.1679711, 0.88164884, 0.8788228, 0.41096902, 0.98774552, 1.0908597, 0.98506087]"
wgEncodeAwgTfbsSydhGm12878TbpIggmusUniPk,"[0.68908983, 0.82571959, 0.72884279, 0.46137413, 0.80397111, 0.75862318, 0.8235473, 0.71881759, 0.7147764, 0.83406371, 0.82305056, 0.77607912, 0.81742215, 0.73368073, 0.77602625, 0.76075846]"
wgEncodeAwgTfbsSydhGm12878Tr4UniPk,"[0.98629302, 1.0676811, 0.97876984, 0.98949236, 1.1046157, 1.2518799, 0.83687669, 0.85106659, 0.85725808, 0.95335561, 0.97185999, 1.2269909, 1.023169, 1.0285728, 1.1273129, 0.92998123]"
wgEncodeAwgTfbsSydhGm12878Usf2IggmusUniPk,"[0.8076784, 0.74552482, 0.43793216, 0.80098635, 0.71632212, 0.81018394, 0.38722041, 0.75315636, 0.78539908, 0.35623923, 0.72680712, 0.75443888, 0.72035891, 0.78521913, 0.86596566, 0.79079264]"
wgEncodeAwgTfbsSydhGm12878Yy1UniPk,"[0.41216752, 0.79634458, 0.70282799, 0.89905906, 0.68724412, 0.90912735, 0.76534134, 0.88046831, 0.87795883, 0.81576818, 0.90503156, 0.76430655, 0.74557668, 0.6214031, 0.87972045, 0.50021374]"
wgEncodeAwgTfbsSydhGm12878Znf143166181apUniPk,"[0.79279375, 0.96306002, 0.74873757, 0.81805581, 0.97446847, 1.0400529, 0.82996196, 0.74112582, 0.75665671, 0.81647593, 0.40542161, 0.96844995, 0.98168802, 0.59287882, 0.75249624, 0.74229604]"
wgEncodeAwgTfbsSydhGm12891NfkbTnfaIggrabUniPk,"[0.8666203, 0.31225646, 0.81150991, 0.93371683, 1.0670979, 1.0926867, 0.86226761, 0.73559785, 1.0155702, 0.75383979, 0.82567948, 0.80124909, 0.97679001, 0.75802475, 0.97053474, 0.49673408]"
wgEncodeAwgTfbsSydhGm12892NfkbTnfaIggrabUniPk,"[0.84875315, 0.81788409, 0.27125549, 1.05509, 1.0109408, 1.0537676, 1.1422352, 0.9999494, 0.8292433, 1.1122066, 0.88423127, 1.00286, 0.78060031, 1.044741, 1.0760592, 0.50017732]"
wgEncodeAwgTfbsSydhGm15510NfkbTnfaIggrabUniPk,"[0.90354139, 0.91250479, 0.83415252, 1.0756009, 0.87084275, 1.0744621, 0.91974235, 0.97681028, 0.89934653, 1.1911969, 0.94493407, 0.42424157, 0.88959587, 0.7711888, 0.94873166, 0.35235238]"
wgEncodeAwgTfbsSydhGm18505NfkbTnfaIggrabUniPk,"[0.9398188, 0.97048181, 1.0883709, 0.37352699, 0.86886138, 0.7767753, 0.70671332, 0.87580419, 0.94206583, 0.68367749, 0.68890375, 1.0385318, 0.78047591, 0.95471627, 0.8707608, 0.87225801]"
wgEncodeAwgTfbsSydhGm18526NfkbTnfaIggrabUniPk,"[0.76349425, 0.85253906, 0.72862732, 0.79921758, 0.84327155, 0.76180285, 0.70878494, 0.79313791, 0.8648501, 0.66761172, 0.4191072, 0.8633998, 0.65606821, 0.69932175, 0.73446482, 0.79971296]"
wgEncodeAwgTfbsSydhGm18951NfkbTnfaIggrabUniPk,"[0.84702212, 0.78170949, 0.81641442, 0.7700637, 0.99067807, 0.6008364, 0.73598814, 0.38683942, 0.85779923, 1.0104731, 0.85379457, 0.82657892, 0.96385175, 0.80294889, 0.91872424, 0.9381687]"
wgEncodeAwgTfbsSydhGm19099NfkbTnfaIggrabUniPk,"[0.97826666, 0.90283453, 0.91162229, 0.75959486, 0.81675071, 0.75299895, 0.65845388, 0.62914079, 0.67626762, 0.86283797, 0.82171088, 0.72592974, 0.34121063, 0.80743593, 0.94177026, 0.83276755]"
wgEncodeAwgTfbsSydhGm19193NfkbTnfaIggrabUniPk,"[0.38966691, 0.96146965, 1.14271, 0.98062044, 0.88841581, 1.0402049, 0.88830978, 0.46444023, 1.0130262, 1.0061618, 1.069428, 0.47373521, 1.1077536, 0.84379977, 1.2571982, 0.82513481]"
wgEncodeAwgTfbsSydhH1hescBach1sc14700IggrabUniPk,"[0.8930155, 1.0345122, 0.36148697, 0.63738233, 0.78148901, 0.78921771, 0.85117686, 0.81110156, 0.8508966, 0.69031328, 0.84155381, 0.9235884, 1.0585464, 0.98563075, 0.80478537, 0.42290834]"
wgEncodeAwgTfbsSydhH1hescCebpbIggrabUniPk,"[0.87775874, 0.71667784, 0.69275689, 0.86860812, 0.65980369, 0.77871603, 0.92402297, 0.46412534, 0.85488695, 0.32664242, 0.83660853, 0.9040975, 0.79993469, 0.78637022, 0.88119256, 0.89994431]"
wgEncodeAwgTfbsSydhH1hescCjunIggrabUniPk,"[0.87715483, 0.82812685, 0.98423338, 0.66197133, 0.820755, 0.8559497, 1.2202122, 0.83462936, 0.63594306, 0.83886182, 0.86419702, 0.83017504, 0.79538345, 0.73595154, 0.92967391, 0.4957425]"
wgEncodeAwgTfbsSydhH1hescCmycIggrabUniPk,"[0.39011252, 0.37890095, 0.697128, 0.83661455, 0.86108607, 0.87224978, 0.86700749, 0.42251161, 0.76890618, 0.71844161, 0.67079329, 0.83830154, 0.71884745, 0.90868163, 0.96011412, 0.9261393]"
wgEncodeAwgTfbsSydhH1hescJundIggrabUniPk,"[0.62739038, 0.67984039, 0.871185, 0.79672712, 0.41402167, 0.38778365, 0.91582984, 0.77100772, 0.84235662, 0.71979409, 0.79471189, 0.79855514, 0.98748201, 0.85236055, 0.35336441, 0.47347721]"
wgEncodeAwgTfbsSydhH1hescMafkIggrabUniPk,"[0.88939607, 0.90039831, 0.80857474, 0.64654434, 0.48804772, 0.98224485, 0.92625165, 0.25916445, 0.59810406, 0.89267623, 0.88903779, 0.88477999, 0.320759, 0.81261712, 0.79253221, 0.83943647]"
wgEncodeAwgTfbsSydhH1hescMaxUcdUniPk,"[1.1784595, 1.0120397, 0.33599031, 0.90877444, 0.39981377, 0.42771432, 1.1203597, 0.96252054, 1.1385285, 1.1633298, 1.2597661, 1.1172485, 1.0599835, 0.92188925, 0.94873101, 1.0275573]"
wgEncodeAwgTfbsSydhH1hescNrf1IggrabUniPk,"[1.0003717, 0.9728815, 0.91420454, 0.79329789, 1.0253316, 1.011163, 0.87681794, 0.98767281, 0.86605865, 0.89788651, 0.93558592, 0.957883, 0.66797638, 0.87403351, 0.89604831, 0.96099585]"
wgEncodeAwgTfbsSydhH1hescRfx5200401194IggrabUniPk,"[0.87572283, 0.69894552, 0.75934088, 0.68509841, 1.1383659, 0.80925536, 0.66859591, 1.0129509, 0.87737244, 0.88290143, 1.0131505, 0.66358113, 0.92568731, 0.83250481, 0.7073912, 0.79772162]"
wgEncodeAwgTfbsSydhH1hescTbpIggrabUniPk,"[0.67306894, 0.81078392, 0.81189233, 0.82023066, 0.73648542, 0.80229837, 0.68073863, 0.42965969, 0.7672658, 0.70677215, 0.66242009, 0.58088267, 0.85102099, 0.62018752, 0.61255139, 0.87736058]"
wgEncodeAwgTfbsSydhH1hescUsf2IggrabUniPk,"[0.9949649, 0.94337797, 0.9605307, 0.94580084, 0.85099953, 0.88461876, 0.89130372, 0.758937, 0.85375381, 0.78879464, 0.72556788, 0.45927426, 0.8129968, 0.87408674, 0.69115418, 1.0939727]"
wgEncodeAwgTfbsSydhH1hescZnf143IggrabUniPk,"[0.90484357, 0.89660525, 0.89530754, 0.96470392, 0.99398005, 0.87779671, 0.98278064, 0.92225432, 0.98934561, 0.9523899, 0.90862674, 0.40170997, 0.78588867, 0.82282621, 0.56564468, 0.86740965]"
wgEncodeAwgTfbsSydhHct116Tcf7l2UcdUniPk,"[0.88784742, 0.75454557, 0.76006889, 0.96590024, 0.89669013, 0.91654664, 0.45272338, 0.71833628, 0.98894876, 0.62286901, 0.74432367, 0.60933471, 0.48105386, 0.77689797, 0.7932018, 0.47979996]"
wgEncodeAwgTfbsSydhHek293Elk4UcdUniPk,"[0.63557047, 0.69381315, 0.84888768, 0.74765593, 0.78808951, 0.40306267, 0.75938588, 0.67880255, 0.70646006, 0.71311355, 0.99720055, 0.81444395, 0.72952622, 0.75231087, 0.80179727, 0.80147779]"
wgEncodeAwgTfbsSydhHek293Tcf7l2UcdUniPk,"[0.82904643, 0.88478118, 0.84554815, 0.61704946, 0.90102905, 0.74553579, 0.31881118, 0.68921036, 0.84768122, 0.8555398, 0.77384531, 0.77080894, 0.68265116, 0.74972785, 0.88235861, 0.41345218]"
wgEncodeAwgTfbsSydhHek293tZnf263UcdUniPk,"[1.1820787, 0.71038437, 0.64690268, 1.4022303, 0.64381224, 1.3019356, 1.2638209, 0.92009348, 0.8852759, 0.7219674, 1.219722, 1.1774266, 1.3900135, 1.1543329, 0.77297425, 1.1057121]"
wgEncodeAwgTfbsSydhHelas3Ap2alphaUniPk,"[0.72919744, 0.77748418, 0.8540346, 0.89944804, 1.116949, 1.0318109, 0.90487504, 0.87829161, 1.2231749, 1.1362928, 1.1116509, 1.1366272, 0.85863185, 0.33480331, 0.90915418, 1.1120425]"
wgEncodeAwgTfbsSydhHelas3Ap2gammaUniPk,"[0.76920664, 1.1813223, 0.3391816, 1.01704, 0.91963243, 0.86761934, 0.73977965, 1.0218759, 0.43502331, 1.1840781, 1.033378, 1.1053131, 1.2143058, 1.0784173, 0.84115678, 1.0336342]"
wgEncodeAwgTfbsSydhHelas3CebpbIggrabUniPk,"[0.62780935, 1.1014084, 0.27607381, 0.87785798, 0.69747615, 0.81467819, 0.87123817, 0.3749564, 0.97149199, 0.85620338, 0.89136016, 0.88341784, 0.91145539, 0.81054306, 0.98752576, 0.9764654]"
wgEncodeAwgTfbsSydhHelas3CfosUniPk,"[0.78892469, 0.84869444, 0.54742414, 0.43828028, 0.29475725, 0.928617, 0.50846952, 0.95648271, 0.87781054, 0.9506914, 0.88955331, 0.90555215, 0.68267423, 0.90041053, 0.77968109, 0.64892477]"
wgEncodeAwgTfbsSydhHelas3CjunIggrabUniPk,"[0.66961229, 0.51700079, 0.53749239, 0.82333022, 0.83048952, 0.84310508, 0.49472722, 0.37351978, 0.72228706, 0.73522818, 0.72229391, 0.7152195, 0.87032288, 0.85955858, 0.72574568, 0.95003301]"
wgEncodeAwgTfbsSydhHelas3CmycUniPk,"[1.0796717, 0.96767288, 0.32471669, 0.91876513, 0.82948828, 0.85727972, 0.6875934, 0.82597214, 0.80509138, 0.83238006, 0.85540986, 0.77802622, 0.96003312, 0.87667358, 0.95043737, 0.98947614]"
wgEncodeAwgTfbsSydhHelas3E2f1UniPk,"[1.233688, 0.84342474, 0.34660193, 1.0392429, 0.74302363, 0.90170324, 0.77845168, 0.88227946, 0.83699793, 0.92583191, 1.1213707, 0.82704252, 0.68955636, 0.90176314, 1.0198946, 0.90090752]"
wgEncodeAwgTfbsSydhHelas3E2f4UniPk,"[1.1571288, 0.93890333, 1.1691512, 1.168035, 0.99090117, 0.91877502, 0.85215479, 1.07103, 0.98300385, 0.8752979, 1.2686559, 0.86315781, 1.146045, 0.88101661, 1.2989467, 1.0343188]"
wgEncodeAwgTfbsSydhHelas3E2f6UniPk,"[0.27991912, 1.0033138, 0.89225125, 0.41768676, 0.72537786, 1.0584881, 0.63633376, 0.85879159, 0.93184829, 0.82415301, 1.089342, 1.0376608, 0.60786635, 0.77696711, 1.0369858, 0.86963552]"
wgEncodeAwgTfbsSydhHelas3Elk112771IggrabUniPk,"[0.61931479, 0.30457222, 0.9450289, 0.85920489, 0.8304289, 0.83188796, 0.46049678, 0.81903005, 0.93192506, 0.859873, 0.69390124, 0.84924513, 0.75498235, 0.70094484, 0.95875812, 0.73009515]"
wgEncodeAwgTfbsSydhHelas3Elk4UcdUniPk,"[0.70171237, 0.3250584, 0.85491353, 0.48314798, 0.64966822, 0.39046201, 0.84377676, 0.90710902, 0.91009545, 0.83746523, 0.85390723, 0.89082092, 0.94456691, 0.80642533, 0.81576103, 0.94617659]"
wgEncodeAwgTfbsSydhHelas3Hae2f1UniPk,"[0.24066609, 0.60963666, 1.0533137, 0.97754198, 0.99559945, 0.90911621, 1.056866, 1.0674851, 0.92692763, 0.82756418, 0.73880762, 0.8756209, 0.84114075, 0.73398936, 0.81390595, 0.96287513]"
wgEncodeAwgTfbsSydhHelas3JundIggrabUniPk,"[0.27292988, 0.75099182, 0.91224539, 0.97083497, 0.99148351, 0.96528375, 0.86421204, 0.88647628, 1.0051458, 0.80407625, 1.0256232, 0.99792486, 0.86977172, 0.84980881, 0.94716012, 0.88879234]"
wgEncodeAwgTfbsSydhHelas3MafkIggrabUniPk,"[0.7220611, 0.74484944, 0.92776155, 0.67082262, 0.85577452, 0.34247208, 0.89523959, 0.75141776, 0.97644925, 0.97585535, 0.75130796, 0.93152654, 0.82831877, 0.2910158, 0.89204985, 0.83643824]"
wgEncodeAwgTfbsSydhHelas3MaxIggrabUniPk,"[0.5273335, 0.73627031, 1.0333202, 0.2568171, 0.8684268, 0.98937523, 0.9429341, 0.99613988, 1.0504664, 1.0776625, 0.77820951, 0.70995051, 0.73910391, 0.938954, 0.84772444, 0.83907914]"
wgEncodeAwgTfbsSydhHelas3NfyaIggrabUniPk,"[0.69426352, 0.86934298, 0.61018771, 0.95093256, 0.76142967, 0.69561887, 0.77682984, 0.83044952, 0.81776971, 0.71178186, 0.80078679, 0.82743829, 0.82897723, 0.710729, 0.63117903, 0.84978902]"
wgEncodeAwgTfbsSydhHelas3NfybIggrabUniPk,"[0.82870376, 0.7959891, 0.33336923, 1.0224605, 0.85136914, 0.73447448, 0.88055563, 0.76852012, 0.80553335, 0.71838075, 0.71821094, 0.8437686, 0.71623892, 0.39725873, 0.88362509, 0.73142451]"
wgEncodeAwgTfbsSydhHelas3Nrf1IggmusUniPk,"[0.95533836, 0.84020907, 0.86858153, 1.021359, 0.95269197, 0.95480758, 0.83457434, 1.17205, 0.96197832, 0.8257308, 0.76505113, 0.7667188, 0.78524536, 0.95195609, 1.1390015, 1.0709374]"
wgEncodeAwgTfbsSydhHelas3Prdm19115IggrabUniPk,"[0.93212229, 0.56172174, 0.96895874, 0.93566561, 1.1270957, 0.80732536, 1.0051996, 0.87557912, 0.4660767, 1.3527912, 0.78804427, 1.0352916, 1.078897, 0.95723772, 0.65871882, 0.63190025]"
wgEncodeAwgTfbsSydhHelas3Rfx5200401194IggrabUniPk,"[0.95911157, 0.87821651, 0.66880226, 0.83379036, 0.87147295, 0.89325392, 0.7453534, 0.73207164, 0.74587893, 0.6188156, 0.83377558, 0.91826826, 0.86925733, 0.4870382, 0.93535066, 0.73659194]"
wgEncodeAwgTfbsSydhHelas3Stat1Ifng30UniPk,"[0.91866952, 0.76538312, 0.37356889, 0.38466844, 0.81753868, 0.80669272, 0.28011462, 0.9463917, 0.82782, 0.93387067, 0.84065521, 0.82590353, 0.76743507, 1.0973113, 0.88768202, 0.92599082]"
wgEncodeAwgTfbsSydhHelas3Stat3IggrabUniPk,"[1.0795554, 0.39938745, 0.97201037, 0.99716759, 0.95640457, 0.99453282, 1.0677131, 0.76946175, 1.0547309, 0.86551988, 1.085757, 0.87898916, 1.0515411, 0.38936153, 1.0365515, 0.827115]"
wgEncodeAwgTfbsSydhHelas3TbpIggrabUniPk,"[0.95765954, 0.93901902, 0.90805453, 0.51142573, 0.9669283, 0.81407952, 0.87101036, 0.91042715, 0.92782241, 0.86943471, 0.91951567, 0.92508161, 0.86974275, 0.5391463, 0.78554147, 1.0388925]"
wgEncodeAwgTfbsSydhHelas3Tcf7l2UcdUniPk,"[0.95306879, 0.89521682, 1.2018818, 0.86331397, 0.80794835, 0.95319068, 0.78177851, 1.1173567, 0.9205426, 1.2166029, 0.99392265, 1.010041, 0.47637412, 0.52060992, 0.9629426, 0.90953612]"
wgEncodeAwgTfbsSydhHelas3Tcf7l2c9b92565UcdUniPk,"[0.8952775, 0.74999183, 0.74247789, 0.65748817, 0.96699089, 0.27969635, 0.86027861, 0.86982775, 1.0281829, 0.78061694, 0.79301536, 0.84690595, 0.65463656, 0.89984834, 0.79901332, 0.48595458]"
wgEncodeAwgTfbsSydhHelas3Tr4UniPk,"[0.89634109, 0.90072751, 0.76004249, 0.77675217, 0.87123811, 0.65551919, 0.88809335, 1.0933439, 0.94559067, 0.83879685, 0.89408994, 0.65443236, 1.0329889, 0.67282194, 0.75373006, 0.87217849]"
wgEncodeAwgTfbsSydhHelas3Usf2IggmusUniPk,"[0.88491142, 0.85332489, 0.93214196, 0.7943188, 0.25685549, 0.7625221, 1.0155246, 0.82240838, 0.877473, 0.86772943, 0.72407007, 0.60754699, 0.8713733, 0.75276208, 0.81923646, 0.89368242]"
wgEncodeAwgTfbsSydhHelas3Znf143IggrabUniPk,"[0.57724869, 0.84465563, 0.58751917, 0.70913005, 0.89092278, 0.80979913, 0.86243731, 0.81477821, 0.84367871, 0.70309502, 0.85210919, 0.98818672, 0.8722198, 0.86611348, 0.84367895, 0.79021639]"
wgEncodeAwgTfbsSydhHepg2Arid3anb100279IggrabUniPk,"[0.77703977, 0.73878694, 0.78410316, 0.96617424, 0.76873761, 0.25880802, 0.89608991, 1.0680228, 0.69163179, 0.64320898, 0.76611733, 0.72977859, 0.67326713, 0.84904093, 0.28571042, 0.81093681]"
wgEncodeAwgTfbsSydhHepg2Bhlhe40cIggrabUniPk,"[0.48348862, 0.93812966, 0.78939241, 0.72395629, 0.89984542, 0.80868852, 1.0320686, 0.88877279, 0.85643625, 0.81875008, 0.20399046, 0.82175392, 0.82519948, 0.92118001, 0.84878188, 0.82364827]"
wgEncodeAwgTfbsSydhHepg2CebpbForsklnUniPk,"[1.1335253, 0.60154611, 0.35387349, 1.1100994, 1.0137427, 0.54334581, 0.96663392, 0.91026652, 1.3187244, 0.91653478, 0.88978654, 0.89960235, 1.385115, 0.98940122, 1.1225004, 1.1563119]"
wgEncodeAwgTfbsSydhHepg2CebpbIggrabUniPk,"[0.80564779, 0.73539221, 0.84894681, 0.87908167, 1.0532004, 1.0312402, 1.0440466, 0.23631833, 0.88987821, 0.7853058, 0.24611561, 0.35430673, 0.95664352, 1.1466804, 0.82319361, 1.0080031]"
wgEncodeAwgTfbsSydhHepg2CjunIggrabUniPk,"[0.94926268, 0.9060843, 0.80674803, 0.92788422, 0.9386, 0.88265169, 0.3877514, 0.79874384, 0.90081245, 0.50353414, 0.90835679, 0.90303665, 0.79195452, 0.97176188, 0.98600501, 1.0328543]"
wgEncodeAwgTfbsSydhHepg2ErraForsklnUniPk,"[0.62956595, 0.74820298, 0.52444649, 0.66526049, 0.8931312, 0.85316348, 0.94677794, 0.73749727, 0.75548989, 0.83726811, 0.71514612, 0.89405084, 0.78666133, 0.83076292, 0.9565599, 0.70075494]"
wgEncodeAwgTfbsSydhHepg2Grp20ForsklnUniPk,"[1.0781755, 1.1132836, 0.99890578, 1.1770443, 0.95052034, 1.0573678, 1.0365287, 1.0039966, 0.98813951, 1.0066606, 0.83669871, 1.128767, 1.1710572, 1.3756195, 0.95264345, 1.0205311]"
wgEncodeAwgTfbsSydhHepg2Hnf4aForsklnUniPk,"[0.33318439, 0.83194292, 1.0466866, 0.74968606, 0.83092988, 0.9015882, 0.90124339, 0.80287051, 0.8324787, 1.1228372, 0.39457688, 0.74189031, 0.81768274, 0.91984499, 0.98028809, 0.55787295]"
wgEncodeAwgTfbsSydhHepg2Hsf1ForsklnUniPk,"[0.85607255, 1.3013055, 0.82773226, 0.89082235, 0.88148683, 0.87793672, 0.9098953, 0.73481202, 1.0259449, 0.84562612, 1.0253009, 0.95353073, 0.92317474, 0.91198993, 0.75313169, 0.94348711]"
wgEncodeAwgTfbsSydhHepg2JundIggrabUniPk,"[0.9503668, 0.82477045, 0.88271552, 0.39453307, 0.78340477, 0.85002935, 0.92068094, 0.97309923, 0.92927051, 1.0483292, 0.86101907, 0.72112077, 0.84321868, 0.8299377, 1.0546062, 0.99194396]"
wgEncodeAwgTfbsSydhHepg2Maffm8194IggrabUniPk,"[1.061838, 0.89270127, 0.75724196, 0.95242906, 0.75863397, 0.68003005, 1.0475454, 0.96102697, 0.30529964, 0.26255563, 0.99521601, 0.94154024, 0.72557884, 0.78960329, 0.98822051, 0.97477365]"
wgEncodeAwgTfbsSydhHepg2Mafkab50322IggrabUniPk,"[0.29952917, 0.77051002, 0.88658357, 0.98225939, 0.58189219, 0.98766929, 1.0936998, 0.93226576, 0.75416189, 0.9741134, 0.54546845, 0.8447687, 0.68729109, 0.68905222, 0.96300477, 0.59355319]"
wgEncodeAwgTfbsSydhHepg2Mafksc477IggrabUniPk,"[1.0057156, 0.88117212, 0.78597307, 1.0271394, 0.92772478, 0.79088068, 0.89048177, 0.85290307, 0.73394156, 0.85133058, 0.32496822, 0.45229262, 1.024344, 0.84114259, 0.99102563, 0.29645869]"
wgEncodeAwgTfbsSydhHepg2MaxIggrabUniPk,"[0.72232437, 1.0247198, 0.36730018, 0.95646131, 0.82174814, 0.75827688, 0.3345556, 1.0304406, 0.83169746, 0.91991037, 0.92605436, 0.9066053, 1.010654, 0.68608475, 0.91358942, 0.92372179]"
wgEncodeAwgTfbsSydhHepg2Nrf1IggrabUniPk,"[1.0109906, 0.85616636, 0.79498941, 0.66884112, 0.98142087, 1.1259075, 0.75739062, 0.92861944, 0.79834723, 0.80276084, 0.80691642, 0.99243689, 0.94308114, 0.86283129, 0.9683367, 0.9509871]"
wgEncodeAwgTfbsSydhHepg2Rfx5200401194IggrabUniPk,"[0.8912676, 0.81777191, 0.78270775, 0.75726873, 0.7346034, 0.62362945, 0.54384995, 0.78489119, 0.73876923, 0.84094208, 0.81096601, 1.0233287, 0.88609785, 0.84512657, 0.85820371, 0.97500986]"
wgEncodeAwgTfbsSydhHepg2Srebp1InslnUniPk,"[0.70774597, 0.45692801, 0.94845146, 0.87053192, 0.7786656, 0.84527314, 0.92252266, 0.91119188, 0.9358319, 0.83423638, 0.7286123, 0.8575564, 0.38031548, 0.54113132, 0.96802312, 0.74309313]"
wgEncodeAwgTfbsSydhHepg2TbpIggrabUniPk,"[0.87077963, 0.6818912, 0.40112874, 0.68116045, 0.74208373, 0.75391167, 0.85535979, 0.81347173, 0.42129424, 0.71004021, 0.67379129, 0.70890123, 0.50925517, 0.64671636, 0.79183549, 0.65653157]"
wgEncodeAwgTfbsSydhHepg2Tcf7l2UcdUniPk,"[0.60729182, 0.81888765, 0.83740121, 0.48980981, 0.88256586, 0.74456048, 0.86987656, 0.53757125, 0.84219962, 0.9000923, 0.8707487, 0.78529131, 0.7754277, 0.74709809, 0.71474528, 0.87623096]"
wgEncodeAwgTfbsSydhHepg2Tr4UcdUniPk,"[1.0873014, 0.9548279, 1.0517764, 1.0817014, 1.0350666, 0.78818357, 1.1200618, 0.81652963, 1.211638, 1.0724862, 0.80005991, 0.81464058, 1.1281924, 1.0976251, 0.92759317, 0.80389512]"
wgEncodeAwgTfbsSydhHepg2Usf2IggrabUniPk,"[0.83542532, 0.89434057, 0.91617674, 0.82992887, 0.90709871, 0.38761413, 0.75093627, 0.70827973, 0.93972152, 0.86868256, 0.84145737, 0.37651283, 0.96527159, 0.78886276, 0.96554428, 1.0123657]"
wgEncodeAwgTfbsSydhHuvecCfosUcdUniPk,"[1.0486714, 0.78005326, 0.26260424, 0.95201051, 0.91933924, 0.9258312, 0.94047755, 0.33470908, 0.30230123, 0.92255765, 1.0197365, 1.0747507, 0.86617684, 0.92030245, 0.98631072, 1.1212454]"
wgEncodeAwgTfbsSydhHuvecCjunUniPk,"[0.73519653, 0.72084755, 0.98714483, 0.8889935, 1.0032594, 0.80365026, 0.81741983, 0.80758929, 0.91857797, 0.47604087, 0.89886069, 0.96574455, 0.97127694, 0.48966208, 0.88132441, 0.66133469]"
wgEncodeAwgTfbsSydhHuvecGata2UcdUniPk,"[1.130254, 0.33376309, 0.92557031, 0.83698434, 0.94036615, 0.78211629, 0.67799222, 0.87774831, 0.38517326, 0.77821755, 0.85512471, 0.83409357, 0.6946153, 0.81713748, 0.97478354, 0.90531659]"
wgEncodeAwgTfbsSydhHuvecMaxUniPk,"[0.37073985, 0.90848875, 1.0047785, 1.0846001, 0.55866057, 0.90087783, 0.94865257, 0.38181496, 0.96897638, 0.37726733, 1.1544123, 0.84554154, 0.78498977, 0.92870653, 0.91075921, 0.87913895]"
wgEncodeAwgTfbsSydhImr90CebpbIggrabUniPk,"[0.9508, 0.33842599, 0.29432812, 0.96716583, 0.93155533, 0.834337, 0.35848221, 1.0740342, 0.99118257, 0.88375604, 1.0320511, 1.175146, 0.84920549, 0.93559378, 1.0549861, 0.97518158]"
wgEncodeAwgTfbsSydhImr90CtcfbIggrabUniPk,"[0.44067773, 0.37137771, 1.1315523, 0.71218735, 1.0247802, 0.92790204, 1.0874429, 0.97303003, 0.93379575, 0.71370757, 0.91012788, 1.0213027, 0.88162404, 0.79490328, 0.78011644, 0.62552685]"
wgEncodeAwgTfbsSydhImr90MafkIggrabUniPk,"[0.79416853, 0.90507078, 0.86932683, 0.33417609, 1.0149527, 0.8570388, 1.0576974, 0.88688684, 0.89079362, 0.39335445, 0.79903448, 0.90700221, 0.98579192, 0.83150887, 0.40758607, 0.87600398]"
wgEncodeAwgTfbsSydhK562Arid3asc8821IggrabUniPk,"[0.27207127, 0.63374406, 0.88319671, 0.89081335, 0.80066538, 0.95901644, 0.79965568, 0.81806749, 0.84486979, 0.57673728, 0.70694405, 0.88297379, 0.72115165, 0.79411787, 0.70316201, 0.77557236]"
wgEncodeAwgTfbsSydhK562Atf106325UniPk,"[0.75071114, 0.80202073, 0.82740301, 0.84652346, 0.69834322, 0.94740903, 0.8402698, 0.90068704, 0.78202409, 0.75758874, 0.83377868, 0.73963404, 0.76472467, 0.88292366, 0.42256528, 0.38139516]"
wgEncodeAwgTfbsSydhK562Atf3UniPk,"[0.87941724, 0.89958155, 1.0558168, 1.004699, 0.84008545, 1.0833616, 0.91858572, 0.95610702, 0.95735461, 1.0833085, 0.8095659, 0.98614019, 1.0724101, 0.83733386, 1.0184735, 1.0904624]"
wgEncodeAwgTfbsSydhK562Bach1sc14700IggrabUniPk,"[0.83993256, 0.76099169, 0.76741427, 0.670569, 0.50849932, 0.77882063, 0.70392227, 0.80583596, 0.93885893, 0.78290725, 0.92656308, 0.89323455, 0.93338239, 0.75300676, 0.82998627, 0.71846694]"
wgEncodeAwgTfbsSydhK562Bhlhe40nb100IggrabUniPk,"[1.0362062, 0.83688217, 0.75748521, 0.82728767, 0.88102007, 0.72890174, 0.76737428, 0.83061576, 0.78225839, 0.9197129, 0.8188163, 0.23993573, 0.81008255, 0.85179228, 0.86551613, 0.92942214]"
wgEncodeAwgTfbsSydhK562CebpbIggrabUniPk,"[0.96543717, 0.91526777, 0.29065692, 0.91570973, 0.85435212, 0.84528005, 0.97816926, 0.91874975, 0.76446617, 0.39710656, 0.88983339, 0.89053327, 0.80536544, 1.0320929, 0.87378693, 0.75567538]"
wgEncodeAwgTfbsSydhK562CfosUniPk,"[0.9090293, 0.95639819, 0.81779075, 0.91052169, 0.54594851, 0.69544905, 0.91518664, 0.29387605, 0.76373374, 0.78317088, 0.88004905, 0.90158546, 0.78349745, 0.78847605, 0.90726477, 0.77365434]"
wgEncodeAwgTfbsSydhK562CjunIfna30UniPk,"[0.4206275, 0.70895141, 0.82082701, 0.97710538, 0.76452672, 0.99653131, 0.73856008, 0.78789133, 0.9204188, 0.49262559, 0.643013, 0.6407122, 0.74409139, 0.91241133, 0.93739456, 0.63000536]"
wgEncodeAwgTfbsSydhK562CjunIfna6hUniPk,"[0.9563579, 0.90604973, 0.81241363, 0.7843715, 0.81198168, 0.82789266, 0.92297775, 0.87370092, 0.7946102, 0.89711058, 0.90523791, 0.79640108, 0.89858896, 0.40716118, 0.87004328, 1.0745102]"
wgEncodeAwgTfbsSydhK562CjunIfng30UniPk,"[0.85361677, 0.83702254, 0.95409548, 0.7590512, 0.79042572, 0.88298106, 0.70770913, 0.94244379, 0.44538864, 0.91869026, 0.70730245, 0.82508844, 0.77763373, 0.42578518, 0.56035125, 0.71887052]"
wgEncodeAwgTfbsSydhK562CjunIfng6hUniPk,"[0.86496091, 0.72056502, 0.76014853, 0.72325385, 0.96374041, 0.89394236, 0.84503776, 0.88810396, 0.73176438, 0.97969991, 0.83300978, 0.7957781, 0.97016871, 0.7736662, 0.47825611, 0.6691553]"
wgEncodeAwgTfbsSydhK562CjunUniPk,"[0.86786699, 0.70090848, 0.78179121, 0.8569954, 0.54977804, 0.88008577, 0.46412861, 0.87992007, 0.85086828, 1.0059615, 0.52561879, 0.87723053, 0.76510841, 0.86845917, 0.7426399, 0.3845343]"
wgEncodeAwgTfbsSydhK562CmycIfna30UniPk,"[0.34926647, 1.160858, 0.97177339, 0.39211327, 1.0917153, 0.3137325, 0.85313249, 0.9744848, 0.98042434, 0.86155182, 0.83531326, 1.0305026, 0.87929922, 1.0215518, 0.98632491, 1.1251647]"
wgEncodeAwgTfbsSydhK562CmycIfna6hUniPk,"[1.0087224, 1.4854611, 0.50196606, 0.95351499, 1.1938579, 1.2410703, 1.2648762, 0.62680554, 0.90378904, 0.39241508, 1.1722233, 1.204633, 0.88894153, 0.34186974, 1.1383448, 0.93125045]"
wgEncodeAwgTfbsSydhK562CmycIfng30UniPk,"[0.33842874, 0.73895538, 0.93809402, 0.83672249, 0.89747882, 0.86419433, 0.78276193, 0.95299172, 0.8901974, 0.93285006, 0.82386369, 0.98194259, 0.94548523, 1.1140712, 1.0392885, 0.3731668]"
wgEncodeAwgTfbsSydhK562CmycIfng6hUniPk,"[0.86769557, 0.2723186, 1.0167867, 1.1192783, 0.97295374, 0.95978135, 0.95304048, 1.1108127, 0.92905474, 1.1034714, 0.45210344, 0.86778724, 1.0717368, 0.83628356, 0.88009268, 0.94385755]"
wgEncodeAwgTfbsSydhK562CmycIggrabUniPk,"[1.1106842, 1.0756181, 0.72972292, 0.99090177, 0.70998323, 0.6720224, 0.27390254, 0.93721795, 0.979689, 0.2293532, 0.87058741, 0.72324735, 0.99552518, 1.0550075, 0.6758312, 0.94038057]"
wgEncodeAwgTfbsSydhK562CmycUniPk,"[0.7009567, 0.88960999, 0.39008304, 0.93642068, 0.87584001, 0.42749718, 0.73645365, 0.88456881, 0.76702285, 1.0798402, 0.94350678, 0.89633757, 0.98705918, 0.79372698, 0.813963, 0.76235408]"
wgEncodeAwgTfbsSydhK562CtcfbIggrabUniPk,"[0.84730798, 0.75812441, 0.89620864, 0.81433004, 0.86121619, 0.78922713, 0.45047402, 0.73076165, 0.75406915, 0.80695081, 0.97893369, 0.94126558, 1.0576277, 0.66900772, 0.80505526, 0.38596213]"
wgEncodeAwgTfbsSydhK562E2f4UcdUniPk,"[1.2185396, 0.79640543, 0.97216201, 0.94884443, 0.95011193, 1.1199342, 0.73566347, 0.96407104, 0.5626713, 1.083358, 1.0549039, 0.97519219, 0.96417642, 1.121165, 1.1270255, 1.1068949]"
wgEncodeAwgTfbsSydhK562E2f6UcdUniPk,"[0.46208793, 0.93738151, 0.7145651, 0.95920593, 0.98261154, 1.1487416, 0.57673752, 1.0639184, 0.2822077, 0.92225075, 1.0777189, 0.79608124, 0.90586448, 1.1113263, 1.260326, 0.41283733]"
wgEncodeAwgTfbsSydhK562Elk112771IggrabUniPk,"[0.81135744, 0.76634192, 0.93714559, 0.76963806, 0.8691448, 0.79470533, 0.85099584, 0.94116884, 0.79186493, 0.78446335, 0.26393366, 0.49979278, 0.83495307, 0.78988028, 0.93936783, 0.81694585]"
wgEncodeAwgTfbsSydhK562Gata1UcdUniPk,"[0.79066634, 0.7919504, 0.94452041, 0.78223497, 0.83414286, 0.43509784, 0.88762534, 0.8825196, 0.54464155, 0.97064298, 0.81844091, 0.97179008, 0.86295724, 0.79919952, 0.76826721, 0.88728881]"
wgEncodeAwgTfbsSydhK562Gata2UcdUniPk,"[0.76780725, 0.75215632, 0.8024441, 0.30986661, 0.75730294, 0.25380623, 0.9545517, 0.76010484, 0.79636782, 0.8769393, 0.7759124, 0.75983882, 0.81842065, 0.93089902, 1.1520607, 0.80993384]"
wgEncodeAwgTfbsSydhK562Irf1Ifna30UniPk,"[0.86119825, 0.62836528, 0.95541292, 0.89719123, 0.77125734, 0.65888166, 0.85864943, 0.89079696, 0.87519282, 0.76498079, 0.85204172, 0.88805521, 0.99012816, 0.95666522, 0.82726079, 0.62301737]"
wgEncodeAwgTfbsSydhK562Irf1Ifna6hUniPk,"[1.0154629, 0.77562386, 1.0592078, 1.3530397, 1.1383901, 1.0291367, 0.81176901, 0.54123122, 0.62167573, 1.107302, 0.89155549, 1.2025406, 1.0724429, 1.0538759, 0.87859482, 1.2843177]"
wgEncodeAwgTfbsSydhK562Irf1Ifng30UniPk,"[0.87974429, 0.86860824, 0.89159179, 0.78905696, 0.67171854, 0.80157882, 1.0279504, 0.98591197, 0.94026595, 0.82682478, 0.838283, 0.98070008, 0.83243757, 0.98093033, 0.69004333, 0.96412474]"
wgEncodeAwgTfbsSydhK562Irf1Ifng6hUniPk,"[0.87650716, 0.87465018, 0.72496849, 0.84149587, 0.54534686, 0.86134446, 0.74675745, 0.82990998, 0.86052823, 0.8510229, 0.52925891, 0.58050877, 0.88401568, 1.1449107, 0.98293847, 0.9863869]"
wgEncodeAwgTfbsSydhK562JundIggrabUniPk,"[0.57655746, 0.94113249, 0.82913727, 0.76404405, 0.86133254, 0.61422706, 0.80280221, 1.1222234, 0.32801464, 0.81411856, 0.95790619, 0.88326907, 0.93288475, 0.72865492, 0.90641946, 0.82420051]"
wgEncodeAwgTfbsSydhK562MaffIggrabUniPk,"[0.67732728, 0.92737412, 0.38011691, 0.91167724, 1.189037, 0.95722336, 1.1281555, 0.85747766, 0.95132017, 1.1555139, 0.90462339, 0.3174392, 1.0386457, 0.68654561, 0.42915058, 0.99632341]"
wgEncodeAwgTfbsSydhK562Mafkab50322IggrabUniPk,"[0.30039844, 0.88907593, 0.96497464, 0.90427041, 0.71036607, 0.96374696, 1.0196259, 0.94190061, 0.36208084, 0.96835685, 0.83940095, 0.82499528, 0.93394071, 0.87565339, 0.75576949, 0.77363557]"
wgEncodeAwgTfbsSydhK562MaxIggrabUniPk,"[0.86261094, 0.53585458, 0.99452567, 0.81306863, 0.75476724, 0.91032308, 0.35005599, 0.77655131, 0.82161736, 0.82784712, 0.98845321, 0.7924974, 0.94251162, 0.23336926, 0.96841508, 1.0558844]"
wgEncodeAwgTfbsSydhK562Nfe2UniPk,"[0.90253508, 0.77489287, 0.79145646, 0.96162874, 0.56609237, 1.1048599, 0.77581489, 0.79924697, 0.8735773, 0.79096067, 0.93391395, 0.38679495, 0.77003896, 1.0067385, 0.89654058, 0.81779718]"
wgEncodeAwgTfbsSydhK562NfyaUniPk,"[0.97988105, 0.70131731, 0.81545538, 0.76235914, 0.84259254, 0.65232188, 0.75729018, 0.94290262, 0.90322804, 0.78653282, 0.7710734, 0.82330728, 0.82479894, 0.77288133, 0.62913591, 0.73506528]"
wgEncodeAwgTfbsSydhK562NfybUniPk,"[0.87629014, 0.80321878, 0.99993044, 1.1107738, 0.92308307, 0.78225154, 0.94514346, 0.87071806, 0.83940691, 0.81103045, 1.0081933, 0.65909904, 0.99128425, 0.9113735, 0.25083101, 0.41816384]"
wgEncodeAwgTfbsSydhK562Nrf1IggrabUniPk,"[1.0376618, 0.89966846, 1.146505, 0.96577227, 1.0473846, 0.92614722, 1.0214199, 1.0034596, 0.90696967, 0.91115373, 1.1831919, 1.1587477, 1.0594227, 0.82992083, 0.66001737, 0.88962293]"
wgEncodeAwgTfbsSydhK562Rfx5IggrabUniPk,"[0.75983542, 0.55471915, 0.75252724, 0.93626016, 0.69882876, 0.80830628, 0.64083397, 0.9540661, 0.70397043, 0.76413637, 0.85879838, 0.91417754, 0.76620501, 0.7082383, 0.7485618, 0.91585952]"
wgEncodeAwgTfbsSydhK562Stat1Ifna30UniPk,"[0.85401839, 0.79716945, 0.80190748, 0.82721359, 0.79518872, 0.78976732, 0.45969135, 0.79716665, 0.96277422, 0.76378232, 0.89220548, 0.9471646, 0.74727142, 0.88994819, 0.79265809, 0.71807349]"
wgEncodeAwgTfbsSydhK562Stat1Ifna6hUniPk,"[0.85891616, 0.95427567, 1.0036358, 1.1052837, 1.1858954, 1.1619433, 0.9051609, 0.73816872, 0.98004591, 1.1081309, 0.95085496, 0.84205526, 0.77773607, 0.98841316, 0.66759926, 0.954117]"
wgEncodeAwgTfbsSydhK562Stat1Ifng30UniPk,"[1.1120132, 1.0670676, 0.79290313, 0.88798082, 1.0004249, 0.97917384, 0.8971144, 0.89915365, 1.0089744, 0.47659957, 1.0954338, 0.56846774, 1.1071987, 0.77790338, 1.0100486, 0.98289597]"
wgEncodeAwgTfbsSydhK562Stat1Ifng6hUniPk,"[1.2852298, 0.98142779, 1.0563354, 0.94308531, 0.92790383, 0.98181379, 1.1005368, 0.95385438, 1.0148258, 1.0569748, 1.2292776, 0.99077356, 0.76837397, 0.50339061, 0.55235052, 0.88775444]"
wgEncodeAwgTfbsSydhK562TbpIggmusUniPk,"[1.1796727, 0.58526415, 1.0797023, 0.53014082, 0.80138689, 0.4365465, 0.8459242, 0.80210668, 0.90405959, 0.87656283, 0.97547472, 0.96813047, 1.2410866, 1.0883769, 0.82806379, 0.9549253]"
wgEncodeAwgTfbsSydhK562Tr4UcdUniPk,"[0.91022199, 0.82382339, 0.84906697, 0.95901918, 0.9456737, 0.79113942, 0.84620196, 1.0553752, 0.71388716, 0.65839559, 0.73643565, 1.0017536, 0.87492263, 0.81567717, 0.64839792, 0.95647401]"
wgEncodeAwgTfbsSydhK562Usf2IggrabUniPk,"[0.74589175, 0.73103613, 0.82963669, 0.47590676, 0.83656824, 1.0250096, 0.84677833, 0.87341124, 0.88852328, 0.88884264, 0.71011537, 0.91629988, 0.79066014, 0.74064302, 0.677279, 0.81079352]"
wgEncodeAwgTfbsSydhK562Yy1UcdUniPk,"[0.80934143, 0.82712501, 0.31576714, 0.71510607, 0.75035858, 0.78688604, 0.83974808, 0.83646333, 0.69677854, 0.97755575, 0.72058606, 0.80433482, 0.72779006, 0.40180439, 0.87997979, 0.66091996]"
wgEncodeAwgTfbsSydhK562Znf143IggrabUniPk,"[0.74973243, 0.81623244, 1.0812522, 0.78305817, 0.7333703, 0.80640334, 0.76668704, 0.82329619, 0.67151916, 0.93323171, 0.93245512, 0.84328514, 0.90998316, 0.81255049, 0.89430255, 0.89824539]"
wgEncodeAwgTfbsSydhK562Znf263UcdUniPk,"[0.97364408, 1.1068337, 1.2979457, 1.3848333, 0.78492165, 0.95527357, 0.85010612, 0.91365099, 1.0714905, 0.96809614, 0.78400177, 1.113915, 0.85443467, 0.92738646, 0.97460645, 0.86134911]"
wgEncodeAwgTfbsSydhMcf10aesCfosEtoh01HvdUniPk,"[0.81351262, 0.83986795, 1.21242, 0.66921431, 0.13032484, 0.96946365, 0.73033136, 1.0955253, 0.90384173, 0.94111997, 0.84212023, 0.94829971, 0.17283833, 0.96402812, 1.0052273, 0.96376956]"
wgEncodeAwgTfbsSydhMcf10aesCfosTam112hHvdUniPk,"[0.92070436, 0.22726272, 0.96807867, 0.86574095, 0.36366093, 0.92687029, 1.1821947, 0.89799613, 0.99106443, 0.43607306, 0.98069787, 0.62332404, 0.48270243, 0.89870751, 1.0619944, 1.1085687]"
wgEncodeAwgTfbsSydhMcf10aesCfosTam14hHvdUniPk,"[0.45120835, 1.02019, 0.99849594, 1.0239435, 0.69688857, 0.70034945, 0.91279483, 0.96092635, 0.71476907, 0.30447549, 0.40998897, 0.37122574, 0.97482294, 0.1649974, 1.0073696, 1.0932946]"
wgEncodeAwgTfbsSydhMcf10aesCfosTamHvdUniPk,"[0.88430899, 0.25978017, 1.1120607, 1.0008553, 0.800524, 0.78509277, 0.72225881, 0.71505004, 0.94774652, 0.91664958, 0.26564008, 0.31062287, 0.73127359, 0.72893202, 0.99019194, 0.84565485]"
wgEncodeAwgTfbsSydhMcf10aesCmycEtoh01HvdUniPk,"[0.21140073, 0.61647218, 0.27748385, 0.96372694, 0.94736338, 0.86122435, 1.0685303, 0.32404128, 0.95988292, 0.96797395, 0.81595588, 0.87225097, 0.75648642, 1.0365951, 0.99409562, 0.695324]"
wgEncodeAwgTfbsSydhMcf10aesCmycTam14hHvdUniPk,"[1.1945434, 0.9773578, 1.0334255, 0.98268092, 0.98584563, 0.27652073, 0.95599127, 0.89459234, 0.52578497, 1.0880965, 1.0536381, 0.98811972, 0.31694072, 1.0008278, 0.30137801, 1.1238372]"
wgEncodeAwgTfbsSydhMcf10aesE2f4TamHvdUniPk,"[0.37037876, 0.98468971, 1.1773005, 0.94253397, 1.1085546, 1.1751816, 0.37514779, 0.94475555, 0.88866562, 0.90921193, 1.085369, 1.1537483, 0.77253616, 1.0295864, 1.2594934, 0.9367891]"
wgEncodeAwgTfbsSydhMcf10aesStat3Etoh01UniPk,"[0.3516795, 0.94703889, 0.80878073, 0.87068993, 0.95222503, 0.88951308, 0.85784334, 0.8365944, 0.90457678, 0.90949267, 0.73208016, 0.76457143, 0.90320367, 0.86060053, 0.72342306, 0.27658206]"
wgEncodeAwgTfbsSydhMcf10aesStat3Etoh01bUniPk,"[0.96923661, 0.27661511, 0.89868253, 0.88223481, 0.85425496, 0.78969908, 1.0654461, 0.98821688, 1.0299448, 0.79156923, 1.0394244, 0.46411955, 0.74986422, 0.46996385, 0.6939798, 0.94649673]"
wgEncodeAwgTfbsSydhMcf10aesStat3Etoh01cUniPk,"[0.79780477, 1.0154796, 1.1096175, 0.8268522, 0.23465168, 0.9393059, 0.950885, 0.93533814, 0.78645599, 0.66105354, 0.7849983, 0.97466719, 0.74670982, 0.98151803, 0.23276269, 0.54903513]"
wgEncodeAwgTfbsSydhMcf10aesStat3Tam112hHvdUniPk,"[0.75956118, 0.71106291, 1.2044598, 0.95084459, 0.87846619, 0.35761407, 0.74695641, 0.85498124, 0.98198968, 0.41176948, 0.30605572, 0.77909464, 0.73426551, 0.86945844, 1.0727276, 0.78769141]"
wgEncodeAwgTfbsSydhMcf10aesStat3TamUniPk,"[0.674182, 0.3984018, 0.83018738, 0.84723508, 0.92385983, 0.66712117, 1.0579435, 1.0202395, 0.90998942, 0.8407712, 0.93600494, 0.251618, 0.9923262, 0.43207628, 0.9864819, 1.0087192]"
wgEncodeAwgTfbsSydhMcf7Gata3UcdUniPk,"[0.79234374, 0.24404663, 0.75843483, 0.84767795, 1.0010066, 0.86738443, 0.25038561, 0.81247878, 0.94171852, 0.77942169, 0.71540374, 0.7812506, 0.9130615, 0.63118118, 0.70024687, 0.77694082]"
wgEncodeAwgTfbsSydhMcf7Gata3sc269UcdUniPk,"[0.98864686, 0.98659277, 0.88436747, 0.92761201, 0.69846761, 0.74903321, 0.86484838, 0.86474121, 0.74811327, 0.81775004, 0.805287, 0.84727448, 0.23011798, 0.82293946, 0.82761216, 0.23573609]"
wgEncodeAwgTfbsSydhMcf7Hae2f1UcdUniPk,"[0.83810133, 0.76543456, 0.93921763, 0.33368236, 0.84403121, 0.87723708, 0.85005671, 0.91623193, 0.91747493, 0.86890215, 0.71147996, 0.97553331, 0.92984116, 0.96338761, 0.95886183, 0.77752328]"
wgEncodeAwgTfbsSydhMcf7Tcf7l2UcdUniPk,"[0.76353675, 0.36872855, 0.80848712, 0.31375465, 0.85977805, 0.85862654, 0.86067551, 0.98770559, 0.86925256, 0.82003891, 0.80200577, 0.79500979, 0.83578384, 1.0182853, 0.81254596, 0.7399866]"
wgEncodeAwgTfbsSydhNb4CmycUniPk,"[0.98749191, 0.95393753, 0.25086865, 1.0101235, 0.23934083, 1.0598252, 1.0420923, 0.92782295, 0.93707407, 0.83345556, 0.95007545, 0.86986482, 0.94179869, 1.159776, 0.28589532, 0.80907339]"
wgEncodeAwgTfbsSydhNb4MaxUniPk,"[0.94032836, 0.81282699, 1.020679, 0.91492003, 0.94671381, 0.81317973, 0.86566061, 0.82235038, 0.95224273, 1.0468405, 0.80800039, 0.34877187, 1.0554595, 0.70664096, 0.90957832, 1.1296428]"
wgEncodeAwgTfbsSydhNt2d1Yy1UcdUniPk,"[0.86495417, 0.30139208, 0.84187073, 0.8803401, 0.89460355, 0.84557891, 0.83178896, 0.9080044, 0.82095981, 0.89237523, 0.75691724, 0.77063119, 0.94998091, 0.82176661, 0.89033318, 0.40204835]"
wgEncodeAwgTfbsSydhPanc1Tcf7l2UcdUniPk,"[0.78215706, 0.32973129, 0.89967829, 0.84691119, 0.78344864, 0.8926959, 0.76618385, 0.77163321, 0.87320197, 0.83026224, 0.93806386, 0.90387571, 0.33495575, 0.86232084, 0.83275408, 0.68816286]"
wgEncodeAwgTfbsSydhPbdeGata1UcdUniPk,"[0.66573739, 0.84893501, 0.3451587, 0.98047823, 0.27788806, 0.87321121, 0.95330322, 0.73763829, 0.8918364, 1.0381674, 0.8357892, 0.31244981, 0.86693501, 0.67841524, 0.84854174, 0.73933822]"
wgEncodeAwgTfbsSydhPbdefetalGata1UcdUniPk,"[0.73755121, 0.67468101, 0.75860512, 0.38025916, 0.75014657, 0.70045334, 0.8337931, 0.65823019, 0.84953207, 0.86076623, 0.78266573, 0.653952, 0.74113184, 0.95117056, 0.56521028, 0.80399561]"
wgEncodeAwgTfbsSydhShsy5yGata2UcdUniPk,"[1.0985836, 0.90381515, 0.79107016, 0.30841973, 1.0537086, 0.17217501, 0.86073762, 0.97277725, 0.93974847, 0.82224292, 0.77273279, 0.92019928, 0.79890716, 0.89753175, 0.87335569, 0.91435623]"
wgEncodeAwgTfbsSydhShsy5yGata3sc269sc269UcdUniPk,"[0.91721839, 0.23674503, 1.1166766, 1.0848442, 0.96450478, 0.87367404, 1.0853361, 1.0298991, 0.79041219, 1.0739659, 0.90142351, 0.22154148, 0.85269618, 0.16169672, 1.0201437, 0.84166306]"
wgEncodeAwgTfbsUchicagoK562EfosUniPk,"[0.91308111, 0.90111077, 0.24852386, 0.82528377, 0.73744422, 0.85043234, 0.86943197, 0.78638434, 0.69931, 0.83044493, 0.7845093, 0.86197656, 1.0592903, 0.85063303, 0.68573743, 0.78571123]"
wgEncodeAwgTfbsUchicagoK562Egata2UniPk,"[0.8132273, 0.90111679, 0.94892317, 0.80849594, 0.83458602, 0.73889333, 0.85194397, 0.74514633, 0.30891237, 0.73668718, 0.34781039, 0.83889723, 0.84123415, 0.91006416, 1.0716875, 0.99515879]"
wgEncodeAwgTfbsUchicagoK562EjunbUniPk,"[1.0850024, 0.9209249, 0.34726453, 0.99902481, 0.38760722, 1.1253538, 0.41457069, 1.0550591, 0.97980469, 0.391027, 0.82571852, 1.0377173, 0.97355551, 0.27216852, 0.99661618, 1.0977157]"
wgEncodeAwgTfbsUchicagoK562EjundUniPk,"[0.87967795, 0.88131696, 0.67860651, 0.90546018, 0.81322885, 0.91091901, 0.84601051, 0.8191011, 0.94217271, 0.81657958, 0.99692529, 0.315943, 0.95313209, 0.69340533, 0.29964435, 0.84173208]"
wgEncodeAwgTfbsUtaA549CtcfUniPk,"[0.72415262, 1.021139, 0.97549474, 0.52092236, 0.96987134, 1.0206105, 0.95817786, 0.46071008, 0.68355089, 0.99477798, 0.38968089, 1.1689117, 0.60090172, 1.3875535, 1.1340287, 1.0985352]"
wgEncodeAwgTfbsUtaFibroblCtcfUniPk,"[0.90129524, 0.72114646, 0.4273397, 0.74913925, 0.98624092, 0.94571191, 1.0991395, 0.46487176, 0.8143698, 0.47459549, 0.85844231, 0.63980764, 0.81237853, 0.80629122, 0.66228712, 0.59384179]"
wgEncodeAwgTfbsUtaGlioblaCtcfUniPk,"[0.71340662, 0.53853875, 0.7065689, 1.053326, 0.86965346, 1.0999272, 0.86659241, 0.89606279, 0.75161856, 1.041291, 0.36666957, 0.90707064, 1.0988697, 0.92546213, 0.32628456, 1.0264142]"
wgEncodeAwgTfbsUtaGm12878CmycUniPk,"[0.82934904, 0.80816895, 0.9143225, 0.78554243, 0.840738, 0.73941368, 0.81964386, 0.68414533, 0.67319369, 1.0624778, 0.99162829, 0.83855224, 1.0153483, 0.28328314, 0.84345245, 0.82525772]"
wgEncodeAwgTfbsUtaGm12878CtcfUniPk,"[1.0621797, 0.64359754, 0.55335569, 0.50359118, 1.0731957, 1.1862695, 1.1924089, 0.90792936, 0.83343232, 0.81750375, 1.0459328, 0.96823806, 0.9850679, 1.0923194, 0.93846399, 0.3949759]"
wgEncodeAwgTfbsUtaGm12891CtcfUniPk,"[0.89286339, 0.83696747, 0.35956201, 0.89078683, 0.71864134, 0.98218834, 1.0754352, 0.80009079, 0.67988706, 0.75361139, 0.3007777, 0.87059385, 0.90453529, 0.88592643, 0.85320258, 0.98985487]"
wgEncodeAwgTfbsUtaGm12892CtcfUniPk,"[0.95317549, 0.83049768, 0.99685699, 0.64302766, 0.73459703, 0.81752223, 0.76556474, 0.38157073, 1.0067539, 0.87599868, 1.0754254, 0.91730398, 0.96297807, 0.88596404, 0.90759438, 0.47101447]"
wgEncodeAwgTfbsUtaGm19238CtcfUniPk,"[0.89179534, 0.77481031, 0.47733513, 0.7216844, 0.80820107, 0.85879928, 0.8536942, 0.92179734, 0.91362846, 0.9846828, 0.72559375, 0.7927652, 0.67448616, 0.92446768, 0.8924228, 0.7898075]"
wgEncodeAwgTfbsUtaGm19239CtcfUniPk,"[0.70675027, 0.40873063, 0.50196213, 0.8818, 1.0990355, 0.9535684, 0.99660856, 0.82493991, 0.99772537, 0.92202985, 0.79906517, 0.76628721, 0.93076235, 0.80915648, 0.95399606, 1.1141287]"
wgEncodeAwgTfbsUtaGm19240CtcfUniPk,"[0.65043694, 0.37518424, 0.8342278, 0.77909166, 0.93756711, 0.75279844, 0.93498534, 0.90009689, 1.1629983, 0.54403192, 0.97476977, 0.71159422, 0.97618544, 0.93207914, 0.91176742, 0.834481]"
wgEncodeAwgTfbsUtaH1hescCmycUniPk,"[0.86310881, 0.82227057, 1.0941186, 0.69233382, 0.70396912, 0.76284909, 0.85846502, 0.99270767, 0.841708, 0.38186055, 0.76310045, 0.81154394, 0.86525995, 0.88429201, 0.76600564, 0.6406582]"
wgEncodeAwgTfbsUtaH1hescCtcfUniPk,"[0.92830038, 0.76231742, 0.43936026, 0.48398057, 0.88551301, 0.86731279, 0.99818975, 0.68543261, 0.95691788, 0.96406537, 1.1839373, 0.81294245, 1.0718637, 0.86252385, 0.58377695, 1.1345534]"
wgEncodeAwgTfbsUtaHelas3CmycUniPk,"[0.78620499, 0.95591187, 0.76960921, 0.67643893, 0.75247031, 0.74189597, 0.75226372, 0.907287, 1.0031638, 0.70125562, 0.83058953, 0.77125472, 0.95655441, 0.8216421, 0.93294716, 0.4054507]"
wgEncodeAwgTfbsUtaHelas3CtcfUniPk,"[1.0248387, 0.36631471, 0.87461394, 1.076984, 0.99043304, 1.0213417, 0.72455323, 0.8927933, 0.46289331, 0.92871964, 0.96933329, 1.0360808, 0.434517, 0.96677184, 1.030333, 0.5905202]"
wgEncodeAwgTfbsUtaHepg2CmycUniPk,"[0.83329797, 0.95130599, 0.80269462, 0.88051337, 0.39777321, 0.46304306, 0.83216828, 1.0031658, 0.82166916, 0.7756027, 0.82824677, 0.63747579, 0.75000173, 0.68846536, 0.94687384, 0.91120309]"
wgEncodeAwgTfbsUtaHepg2CtcfUniPk,"[0.84509528, 0.42461026, 0.95756686, 1.072199, 0.92717165, 0.77927119, 1.0005945, 0.8618353, 0.97336268, 1.0042993, 0.58417374, 0.87386411, 0.94543076, 0.97224319, 0.79278147, 0.8457638]"
wgEncodeAwgTfbsUtaHuvecCmycUniPk,"[0.84900987, 0.86912233, 0.76895303, 0.89855164, 1.1826874, 0.57286912, 0.80873865, 0.47934765, 0.78231841, 0.82605761, 0.88400632, 0.84498978, 0.63599509, 0.78058457, 0.78176451, 0.98795813]"
wgEncodeAwgTfbsUtaHuvecCtcfUniPk,"[0.89838982, 1.0465412, 0.88872391, 0.62088966, 0.4409095, 0.38198188, 0.84702873, 0.90519059, 0.95163465, 1.0138093, 0.8835479, 0.80435944, 0.77195221, 0.93844813, 0.83626223, 0.81405115]"
wgEncodeAwgTfbsUtaK562CmycUniPk,"[0.87669015, 0.31160027, 0.87188399, 0.76996291, 0.75458038, 0.93029875, 0.8942064, 0.98389536, 0.76801735, 0.41914523, 0.72465819, 0.7346971, 0.86173379, 0.95292509, 0.23255274, 0.937316]"
wgEncodeAwgTfbsUtaK562CtcfUniPk,"[0.9620536, 0.34405071, 0.76052076, 0.6207155, 0.81117749, 0.91427988, 0.70612735, 0.5374794, 0.59832269, 1.0760641, 0.90293795, 0.99736977, 0.95613867, 0.99377233, 1.0856843, 1.0236411]"
wgEncodeAwgTfbsUtaMcf7CmycEstroUniPk,"[0.99834383, 0.84277838, 0.87241501, 0.8769362, 0.829135, 1.0342661, 0.92878389, 0.37249658, 0.3203212, 0.75328332, 0.6826694, 0.85234648, 0.78833574, 0.90377998, 0.83290827, 0.91796929]"
wgEncodeAwgTfbsUtaMcf7CmycSerumstimUniPk,"[0.94657576, 0.88882232, 0.67042387, 0.87897336, 0.69194734, 0.86662656, 0.25441265, 0.89956301, 0.92755228, 1.243711, 0.72475415, 0.49731237, 0.90244275, 0.92868441, 0.80417657, 0.333913]"
wgEncodeAwgTfbsUtaMcf7CmycSerumstvdUniPk,"[0.72620666, 0.75923431, 0.94986612, 0.84754395, 0.81164193, 0.30816123, 0.50666463, 0.95611244, 0.78275454, 0.74609232, 0.76913315, 0.86876315, 0.83970934, 1.0623405, 0.84298849, 0.7813186]"
wgEncodeAwgTfbsUtaMcf7CmycVehUniPk,"[1.0006497, 0.79747963, 1.0629076, 0.82902962, 0.99746239, 1.059444, 1.181518, 0.81390959, 0.83375436, 0.28788933, 1.0225316, 0.28009832, 0.99518585, 0.29202315, 0.85497719, 0.74539298]"
wgEncodeAwgTfbsUtaMcf7CtcfEstroUniPk,"[0.98005241, 0.99723923, 0.94945478, 0.95939481, 0.98115271, 0.82576239, 0.58205032, 0.90957528, 0.46062747, 1.0502204, 0.44060466, 1.0444726, 0.43489376, 0.96263748, 0.97868043, 0.68123335]"
wgEncodeAwgTfbsUtaMcf7CtcfSerumstimUniPk,"[0.80761683, 0.88575906, 0.83287406, 0.329402, 0.80572653, 0.81713885, 0.37004304, 1.0939574, 1.1133618, 0.50864959, 1.081108, 0.87609982, 0.67837507, 1.1141732, 1.0168457, 0.80085731]"
wgEncodeAwgTfbsUtaMcf7CtcfSerumstvdUniPk,"[0.5211646, 0.95531458, 0.70402944, 0.77467078, 0.83955461, 0.85690737, 1.0124147, 0.94174027, 1.0123537, 0.41582015, 0.33210343, 0.76956344, 0.83488524, 0.98532289, 1.0999221, 1.225188]"
wgEncodeAwgTfbsUtaMcf7CtcfUniPk,"[1.1369344, 1.0174053, 0.62993407, 1.1586711, 0.94732445, 1.1388036, 0.97369063, 0.68857253, 0.68357867, 0.28037736, 1.1144325, 0.87747884, 0.72577834, 1.0453019, 0.44962826, 0.82503873]"
wgEncodeAwgTfbsUtaMcf7CtcfVehUniPk,"[0.89592957, 0.48732081, 0.79670262, 0.93332297, 0.73769808, 1.1132157, 0.37723184, 1.0354764, 0.93086028, 0.74327362, 0.82719719, 0.66554636, 0.78585225, 0.91915679, 1.0089058, 0.97982454]"
wgEncodeAwgTfbsUtaNhekCtcfUniPk,"[0.82659936, 0.5841459, 1.1077864, 0.80570984, 0.41745818, 0.930251, 0.92239183, 0.76858306, 0.68602508, 0.4908171, 1.1405194, 0.94857234, 0.95630312, 0.89473617, 0.88049364, 0.98376852]"
wgEncodeAwgTfbsUtaProgfibCtcfUniPk,"[0.95618653, 0.68449926, 0.75032449, 0.5636003, 1.0278063, 1.0384018, 0.99902993, 1.0159214, 0.72949934, 0.8921181, 0.38550904, 0.72701752, 0.86620355, 1.0019244, 0.41452804, 0.7883296]"
wgEncodeAwgTfbsUwA549CtcfUniPk,"[0.8765294, 1.0042902, 0.45707291, 1.0894408, 0.62770766, 0.41456437, 1.0415013, 0.95386934, 0.64832795, 0.92781729, 0.85266685, 0.97943234, 1.0296626, 1.1772121, 0.83931506, 1.0104278]"
wgEncodeAwgTfbsUwAg04449CtcfUniPk,"[0.99937785, 1.0685741, 0.77208608, 0.87828428, 0.96923429, 0.45968819, 0.77713555, 0.86215043, 0.8712185, 0.31309873, 0.96384573, 0.87364495, 0.75520295, 0.91132021, 0.39901674, 0.93972445]"
wgEncodeAwgTfbsUwAg04450CtcfUniPk,"[1.0362477, 0.90956068, 1.070557, 1.0038584, 0.69791335, 1.1214031, 1.138435, 0.55396986, 1.0368706, 1.0028391, 1.089704, 0.92441452, 1.1011013, 0.5064953, 0.91610682, 1.133266]"
wgEncodeAwgTfbsUwAg09309CtcfUniPk,"[0.93013132, 0.93482912, 0.8114565, 0.94084173, 0.70581114, 1.0641576, 0.82850957, 0.82099724, 1.0935032, 0.3244445, 0.84779364, 0.88980776, 0.84307081, 0.79240072, 0.43483609, 1.0222722]"
wgEncodeAwgTfbsUwAg09319CtcfUniPk,"[0.39476609, 1.0484605, 0.9315837, 0.67673624, 0.69307798, 1.046038, 1.0151618, 1.1318505, 0.36717117, 0.81112218, 1.1413366, 0.75374258, 1.0894171, 0.80935305, 1.0412207, 0.82833618]"
wgEncodeAwgTfbsUwAg10803CtcfUniPk,"[0.85899872, 0.39947554, 0.91609609, 0.79499346, 0.8759529, 0.82287127, 0.76718962, 0.9189595, 0.76437485, 1.0900954, 0.99289101, 0.78748059, 1.0757382, 0.90653956, 0.97300291, 0.35278404]"
wgEncodeAwgTfbsUwAoafCtcfUniPk,"[0.70329976, 1.0626338, 0.90876067, 1.0601699, 0.31565657, 0.74561393, 0.7815212, 1.0226874, 0.9280265, 0.8602016, 0.86930412, 0.33710149, 1.1297072, 0.68798769, 0.88732016, 1.0205133]"
wgEncodeAwgTfbsUwBe2cCtcfUniPk,"[1.1015466, 0.81700653, 0.95969057, 0.91636503, 0.89894658, 0.64788175, 1.0616131, 0.99870318, 0.34568772, 0.91552317, 0.97193283, 0.98925626, 0.44295952, 0.75964355, 0.95470649, 0.769023]"
wgEncodeAwgTfbsUwBjCtcfUniPk,"[0.93372756, 0.79128242, 0.98421174, 0.9459433, 0.99701005, 0.54290199, 0.83235914, 0.65207237, 0.70407557, 1.0001949, 0.98741674, 0.80533952, 0.44446158, 1.08316, 0.43356529, 0.86849093]"
wgEncodeAwgTfbsUwCaco2CtcfUniPk,"[0.97617674, 0.35883778, 1.0364424, 0.43558395, 0.87658888, 0.78932053, 0.57373786, 0.94963562, 0.98376483, 0.93216401, 0.85744798, 0.96408921, 0.79590338, 0.97037935, 0.99416387, 0.89751893]"
wgEncodeAwgTfbsUwGm06990CtcfUniPk,"[0.80715716, 1.0225405, 0.83414531, 0.74716133, 0.98597562, 1.0033375, 0.87641799, 0.81460303, 1.1612157, 0.88867456, 1.043535, 0.3843253, 0.92902213, 0.96967816, 0.61343068, 0.34232688]"
wgEncodeAwgTfbsUwGm12801CtcfUniPk,"[0.71875978, 0.84911484, 0.73612493, 1.0165619, 0.8175689, 0.8995831, 1.0245804, 0.75583822, 0.71386671, 1.0014722, 0.81812727, 0.86177665, 0.69040895, 0.79332769, 0.99085432, 0.76464128]"
wgEncodeAwgTfbsUwGm12864CtcfUniPk,"[1.0486819, 0.97378206, 0.82068831, 0.90934348, 0.43987137, 0.66227496, 0.39650613, 1.0419421, 0.57789224, 0.75329316, 1.0554323, 0.93536562, 0.68318176, 0.83999372, 0.97582817, 1.0513988]"
wgEncodeAwgTfbsUwGm12865CtcfUniPk,"[0.73743337, 0.91543388, 0.86029565, 0.59150398, 1.246472, 0.63597006, 0.56215936, 0.50617146, 0.74592704, 1.0375929, 0.94272119, 0.91785789, 0.93233824, 0.70946091, 0.61730325, 1.0498955]"
wgEncodeAwgTfbsUwGm12872CtcfUniPk,"[1.0085891, 1.1302297, 0.82968408, 1.1113596, 0.469087, 1.0994285, 0.88181669, 0.73463976, 0.80296415, 0.76826477, 0.48985505, 0.47331372, 0.79974365, 1.1194377, 1.1487924, 0.81623441]"
wgEncodeAwgTfbsUwGm12873CtcfUniPk,"[1.0203066, 0.6106444, 0.47290039, 1.0837861, 0.82018173, 0.9366889, 0.8338539, 0.84851241, 0.81837183, 0.8845067, 0.63883644, 0.94360489, 0.3037892, 0.7786023, 0.67596549, 1.0877762]"
wgEncodeAwgTfbsUwGm12874CtcfUniPk,"[1.0438738, 0.4954018, 0.31012115, 0.82414049, 0.80714136, 0.80049026, 1.0040276, 0.69377828, 0.82147509, 0.8941772, 1.0072966, 0.94469225, 0.41493961, 0.82627505, 0.82809746, 0.95068419]"
wgEncodeAwgTfbsUwGm12875CtcfUniPk,"[0.93745035, 1.0849972, 0.94556999, 0.93636739, 0.9833988, 0.57229382, 0.86503655, 0.99428934, 0.96715462, 0.9199304, 0.41950896, 0.75805736, 0.89614695, 0.41163421, 0.90181708, 0.78142309]"
wgEncodeAwgTfbsUwGm12878CtcfUniPk,"[1.1440597, 0.82480532, 1.0401095, 0.94569707, 1.1698593, 0.72318459, 0.81854486, 0.55997789, 0.74285966, 0.81939107, 0.93160212, 0.89255285, 0.4790535, 0.94210577, 1.2186047, 0.4992258]"
wgEncodeAwgTfbsUwHacCtcfUniPk,"[0.90287763, 0.83097047, 0.51007771, 0.81485909, 1.0476928, 1.060077, 0.8529833, 0.7173273, 0.81643492, 0.84502637, 1.0820197, 0.86606073, 0.98233199, 0.80502653, 0.30394375, 1.0004979]"
wgEncodeAwgTfbsUwHaspCtcfUniPk,"[0.47888106, 0.93127114, 0.89139688, 0.70377207, 0.33269295, 0.79472876, 0.90977132, 0.882671, 0.89849794, 1.032874, 0.71201158, 0.33567914, 0.90956908, 0.8116442, 1.0120952, 1.1265361]"
wgEncodeAwgTfbsUwHbmecCtcfUniPk,"[0.46242988, 0.84774297, 0.96116793, 0.98682332, 1.0132588, 0.84947515, 0.83835673, 0.34735963, 0.708022, 0.73642832, 0.94886416, 0.97553849, 0.80662, 1.0459982, 0.99328452, 0.95799232]"
wgEncodeAwgTfbsUwHcfaaCtcfUniPk,"[0.7369234, 1.1020678, 0.8892805, 0.81411117, 0.89253408, 0.80209541, 0.8514486, 0.95788598, 0.80984956, 0.85486174, 0.51756483, 0.82646745, 0.74320328, 0.90381777, 0.33557677, 0.86356461]"
wgEncodeAwgTfbsUwHcmCtcfUniPk,"[0.8504895, 0.9297924, 1.1408134, 0.4735857, 0.90398413, 0.96829706, 1.1070821, 0.97888541, 1.0967765, 0.49404576, 1.1148078, 1.1840614, 0.91912633, 1.0346732, 0.60239416, 0.95041013]"
wgEncodeAwgTfbsUwHcpeCtcfUniPk,"[1.0453503, 0.79372424, 1.0232075, 1.0278949, 0.89482641, 1.1257828, 1.0687914, 0.78445131, 1.163402, 0.81231308, 0.53607988, 0.50632203, 1.0370978, 0.93539202, 1.0211117, 1.0178552]"
wgEncodeAwgTfbsUwHct116CtcfUniPk,"[0.68101197, 0.83869195, 0.78519255, 0.87828088, 0.99528289, 1.0486263, 1.1034235, 0.88274467, 0.73197562, 0.43771011, 0.59936279, 0.72414774, 0.35658562, 1.0373996, 1.0293164, 0.87584656]"
wgEncodeAwgTfbsUwHeeCtcfUniPk,"[1.110725, 1.0865742, 1.1128842, 1.0356743, 0.98363799, 0.34582174, 0.95502418, 0.35856891, 0.85216135, 0.69629776, 0.52375567, 0.88440043, 0.85063416, 0.93283081, 1.117011, 0.39980972]"
wgEncodeAwgTfbsUwHek293CtcfUniPk,"[0.80007607, 0.94343096, 0.73266774, 0.79393899, 0.69496012, 0.93292344, 1.0496283, 0.79531896, 0.30200511, 0.84980476, 0.71720994, 0.93384361, 1.1927195, 0.87717837, 0.52600044, 0.80191058]"
wgEncodeAwgTfbsUwHelas3CtcfUniPk,"[0.89830321, 0.80805796, 0.30901524, 0.73667282, 0.84528297, 1.0226017, 0.92963958, 0.98100019, 0.93805891, 0.31094018, 0.78695452, 1.0357144, 0.93304807, 0.86261725, 0.89593732, 1.1051908]"
wgEncodeAwgTfbsUwHepg2CtcfUniPk,"[1.0090655, 0.86885953, 0.3449797, 0.73003995, 0.99624491, 0.83832681, 0.99850541, 1.1067387, 1.0596324, 0.6695314, 1.0402713, 0.5990988, 0.9040364, 1.0857202, 1.0551318, 0.33154365]"
wgEncodeAwgTfbsUwHffCtcfUniPk,"[0.91235048, 0.7462694, 0.3334085, 0.83230078, 0.87861747, 0.96394616, 0.72703367, 0.37500978, 0.8830207, 0.41789255, 0.97502309, 0.83273524, 1.0602573, 0.95570779, 0.93505007, 1.1098411]"
wgEncodeAwgTfbsUwHffmycCtcfUniPk,"[0.93787557, 0.88275129, 0.83262271, 0.86745507, 0.75145775, 0.85364938, 1.0839278, 0.82430631, 0.96617424, 0.96466202, 0.5384931, 0.35689759, 0.98163766, 0.75606382, 0.64912188, 0.79370821]"
wgEncodeAwgTfbsUwHl60CtcfUniPk,"[0.40670997, 0.83156031, 0.87962586, 0.7712127, 0.90399462, 0.78959626, 0.67912269, 0.79221535, 0.85499084, 0.89082682, 0.64319724, 0.41983742, 0.82969832, 0.87162077, 0.89577973, 0.8705079]"
wgEncodeAwgTfbsUwHmecCtcfUniPk,"[0.88675761, 0.71616709, 0.95112836, 0.89216524, 0.81923735, 0.90423673, 0.54948771, 0.3473345, 0.99100477, 0.37901619, 0.85899472, 1.195508, 0.95550191, 0.89241713, 1.2432214, 0.80164438]"
wgEncodeAwgTfbsUwHmfCtcfUniPk,"[0.87199777, 0.81528354, 0.51716971, 0.43035612, 1.1277874, 0.90534884, 0.95847028, 0.84779847, 0.9705686, 0.79670423, 0.89300132, 0.68426728, 0.4688237, 0.92207944, 1.0569066, 0.97918928]"
wgEncodeAwgTfbsUwHpafCtcfUniPk,"[1.0566642, 1.0251107, 0.99267793, 1.1121348, 0.9149186, 0.31731197, 0.91275734, 0.78632718, 0.79339844, 0.90397406, 0.82368523, 0.47120461, 0.76156014, 0.96727538, 0.79060555, 1.0819558]"
wgEncodeAwgTfbsUwHpfCtcfUniPk,"[0.91330534, 0.50872111, 0.81589782, 0.9195407, 1.049391, 0.4490228, 0.86832601, 0.82083237, 0.85940969, 1.0236173, 0.50391054, 0.81570405, 0.92757589, 1.0291388, 0.96495432, 0.81370115]"
wgEncodeAwgTfbsUwHreCtcfUniPk,"[0.99840963, 1.0020884, 1.059917, 0.75675619, 0.54788703, 0.8704232, 0.87652886, 1.066523, 0.35369384, 0.9670282, 0.33936158, 0.85517144, 0.8016808, 0.7038272, 0.90791124, 1.1133808]"
wgEncodeAwgTfbsUwHrpeCtcfUniPk,"[0.69099838, 0.92816281, 0.75652891, 1.2372643, 0.85265833, 0.3002778, 0.93497014, 0.96414602, 0.8047145, 0.85698944, 0.81051558, 1.0166305, 1.0798259, 0.82154256, 0.38126165, 0.90963662]"
wgEncodeAwgTfbsUwHuvecCtcfUniPk,"[1.0581442, 0.99264258, 0.82105851, 0.90170205, 1.0239837, 0.7857995, 0.67562044, 0.90674174, 0.81685668, 0.42162296, 1.0037246, 1.0717951, 1.0000296, 1.0733156, 0.4285402, 0.81728524]"
wgEncodeAwgTfbsUwHvmfCtcfUniPk,"[0.95490098, 1.2249018, 1.0883905, 0.85003573, 0.98632538, 0.96529925, 0.96484572, 0.57343823, 0.47452754, 0.9766323, 0.90996736, 1.0769644, 0.3671872, 0.89091855, 1.0569081, 0.90534091]"
wgEncodeAwgTfbsUwK562CtcfUniPk,"[0.89415121, 0.93467993, 1.0801988, 1.1405293, 0.75202018, 1.1162933, 1.0052203, 0.90432799, 0.42601708, 0.45309991, 1.0701938, 0.775334, 0.73083472, 1.2312255, 0.91795313, 0.78994298]"
wgEncodeAwgTfbsUwMcf7CtcfUniPk,"[1.0061702, 0.89066678, 0.97253603, 0.75502127, 1.0526546, 0.45512626, 0.90816069, 0.67991555, 0.33194879, 0.98706949, 0.86756158, 0.55909091, 0.81363952, 0.98672014, 1.0313578, 0.89397269]"
wgEncodeAwgTfbsUwNb4CtcfUniPk,"[0.87082326, 0.91367459, 1.0133018, 0.79360658, 0.59913749, 0.43872291, 0.39368397, 0.86821175, 0.86129075, 1.0215316, 0.73600286, 0.8791362, 1.1484594, 0.94387758, 0.84138197, 0.98372751]"
wgEncodeAwgTfbsUwNhdfneoCtcfUniPk,"[0.82361102, 0.80523741, 0.81031626, 0.94269443, 0.77072036, 1.0970627, 0.75904471, 0.83940697, 0.90287584, 0.821639, 1.0453247, 0.34820092, 0.35768211, 0.93410116, 0.84073645, 0.86383665]"
wgEncodeAwgTfbsUwNhekCtcfUniPk,"[0.74696249, 0.34338838, 1.0061679, 0.82207358, 0.86600709, 0.90914512, 0.67090064, 1.1591588, 1.0121211, 0.51870358, 0.99661642, 0.93928748, 0.58775651, 0.37193882, 0.98458636, 1.0024066]"
wgEncodeAwgTfbsUwNhlfCtcfUniPk,"[0.91113472, 0.80770767, 0.82612914, 0.9314726, 0.8788237, 0.79270875, 0.75446421, 0.97646475, 0.99619967, 0.84047157, 0.8273654, 0.70422441, 0.45873851, 0.33784103, 0.88556498, 0.89418322]"
wgEncodeAwgTfbsUwRptecCtcfUniPk,"[0.61815345, 0.51747948, 0.50606441, 0.34678245, 0.72763944, 0.86172289, 0.83292204, 0.82638299, 0.95477754, 0.85038805, 1.0099591, 0.69768083, 0.98990077, 0.8899945, 0.85324639, 0.85863477]"
wgEncodeAwgTfbsUwSaecCtcfUniPk,"[0.74847102, 0.87147707, 0.47442514, 1.026818, 1.0226343, 0.71890277, 0.4134101, 0.91581017, 0.99209052, 0.91903573, 1.095327, 1.0355321, 0.97702813, 0.78251708, 0.71835291, 0.66632533]"
wgEncodeAwgTfbsUwSknshraCtcfUniPk,"[0.84922934, 1.0362867, 0.36586308, 1.0361652, 0.99385476, 0.98895216, 0.34190473, 0.88905656, 0.89644301, 0.81240189, 0.97867322, 0.67109513, 1.0080239, 0.92698503, 0.89763564, 0.80094004]"
wgEncodeAwgTfbsUwWerirb1CtcfUniPk,"[0.94604766, 0.8544414, 1.0518059, 1.026245, 1.0516257, 0.97013354, 0.4449546, 0.99817902, 0.81780481, 0.96717364, 0.37424535, 0.85433573, 0.92753935, 0.65949064, 0.8763755, 0.88108611]"
wgEncodeAwgTfbsUwWi38CtcfUniPk,"[0.93737566, 1.0671134, 0.44786602, 0.85975593, 0.90163589, 0.59127241, 0.84590894, 0.91941488, 1.1099634, 0.85805273, 0.97228569, 0.85919404, 1.084536, 0.5165785, 0.53532547, 0.94860995]"
