wgEncodeAwgTfbsBroadDnd41CtcfUniPk,"[0.96847284, 1.0731173, 1.1295029, 1.4419296, 1.2573628, 1.5102217, 1.2855569, 1.1476737, 1.1996732, 1.3767108, 0.6779421, 1.2672169, 1.3637588, 1.2485838, 0.38193026, 1.5580515]"
wgEncodeAwgTfbsBroadGm12878CtcfUniPk,"[1.5824695, 1.7037987, 1.3065377, 1.3811282, 1.1937511, 1.4303505, 0.44536576, 0.74906975, 1.5678629, 1.1160789, 1.3268756, 1.3237909, 1.3401264, 1.3154107, 1.4434465, 1.446923]"
wgEncodeAwgTfbsBroadH1hescCtcfUniPk,"[1.5884581, 1.0892564, 1.5106986, 1.0813087, 1.3977755, 1.3411096, 1.4066166, 0.57038385, 1.3755838, 1.5307416, 0.8326422, 1.1415187, 1.1359926, 1.1927454, 1.3107331, 1.6130046]"
wgEncodeAwgTfbsBroadHelas3CtcfUniPk,"[1.6187869, 1.4751108, 1.1426859, 0.57300687, 1.08157, 0.55182427, 1.4195329, 1.6321872, 1.564425, 1.4126376, 1.5143744, 1.596114, 1.3913183, 1.5142871, 1.4329691, 1.235688]"
wgEncodeAwgTfbsBroadHepg2CtcfUniPk,"[1.6151862, 1.3259718, 1.7236314, 1.6198841, 0.74755204, 1.105032, 0.64524722, 1.1902689, 1.6022016, 1.5741458, 1.5884461, 1.2223302, 1.7718905, 1.5374627, 1.6915765, 1.1783757]"
wgEncodeAwgTfbsBroadHmecCtcfUniPk,"[1.6091559, 1.5631964, 0.9462164, 1.2865555, 0.7281484, 1.5155971, 1.2604915, 1.5087219, 1.5731691, 1.5739641, 1.4841437, 1.1016753, 1.3815972, 1.4365321, 1.4525275, 1.4083734]"
wgEncodeAwgTfbsBroadHsmmCtcfUniPk,"[1.4259113, 1.483501, 1.4421965, 1.5109783, 1.3123904, 1.2061883, 1.2438886, 0.75164449, 1.3278799, 1.4550617, 1.4447284, 0.98853403, 0.56897789, 1.5465639, 1.3438209, 1.4700289]"
wgEncodeAwgTfbsBroadHsmmtCtcfUniPk,"[1.6078038, 0.55877811, 1.4992118, 0.87520659, 1.5225685, 1.4777287, 1.7101998, 1.3059888, 0.75087541, 1.4170177, 1.6004648, 1.4201109, 1.5864254, 1.2979053, 1.5415559, 1.3183012]"
wgEncodeAwgTfbsBroadHuvecCtcfUniPk,"[0.57043958, 1.0078274, 1.4242173, 1.1977949, 1.2722832, 1.6369667, 1.6756275, 1.2402436, 1.059236, 1.3529923, 1.5725442, 1.667973, 1.413425, 1.581163, 1.2831202, 0.49358436]"
wgEncodeAwgTfbsBroadK562CtcfUniPk,"[1.8263097, 1.546293, 1.2058209, 1.2008358, 1.4290951, 1.3395635, 1.4880933, 0.75907618, 1.5620917, 1.4478195, 1.6593704, 1.5693616, 1.5358942, 1.5113734, 0.73490721, 1.7566217]"
wgEncodeAwgTfbsBroadNhaCtcfUniPk,"[1.4138614, 1.2412462, 1.2596353, 1.2965792, 1.5922995, 1.7402316, 1.5777733, 1.4734824, 1.671874, 0.77862906, 1.6316876, 1.489151, 1.3927264, 1.531135, 1.4208183, 0.65060812]"
wgEncodeAwgTfbsBroadNhdfadCtcfUniPk,"[1.000953, 1.4199508, 1.1676673, 0.91770935, 1.4297447, 1.5432605, 1.7288533, 1.233786, 1.3853786, 1.7017694, 1.6282759, 1.4104741, 1.4590518, 1.3314112, 0.95047247, 1.14965]"
wgEncodeAwgTfbsBroadNhekCtcfUniPk,"[1.6386123, 1.1703522, 1.5288785, 1.0746208, 1.3018403, 1.5265239, 1.3492371, 0.60952294, 1.6243985, 1.4675171, 1.5146604, 1.1745418, 1.0710052, 1.5197312, 0.66710502, 1.5444589]"
wgEncodeAwgTfbsBroadNhlfCtcfUniPk,"[1.4117465, 1.4416265, 1.5915037, 1.2462159, 0.91441351, 1.1617627, 1.598526, 1.3826817, 1.3203099, 1.317755, 1.4157722, 1.1689532, 0.57075065, 1.3190633, 1.474503, 1.4611292]"
wgEncodeAwgTfbsBroadOsteoblCtcfUniPk,"[1.4204636, 1.0771235, 1.2920221, 1.7242452, 1.3008828, 1.3058839, 1.2868515, 1.662097, 1.5359632, 1.3216797, 1.3026417, 1.4470483, 0.64783704, 0.58790404, 0.79823303, 1.5631632]"
wgEncodeAwgTfbsHaibA549Atf3V0422111Etoh02UniPk,"[1.4037552, 1.6564907, 1.5791339, 1.2522502, 0.7725386, 1.5072736, 0.8189553, 1.2502273, 1.6081845, 1.3186176, 1.5077605, 1.3987082, 1.2573432, 0.72050673, 1.5942731, 1.6350305]"
wgEncodeAwgTfbsHaibA549Creb1sc240V0416102Dex100nmUniPk,"[1.504047, 1.6746566, 0.69003844, 1.6403941, 1.4198279, 1.655215, 1.5116622, 1.3688012, 1.5515724, 1.6869435, 1.1326604, 1.566471, 0.6817373, 1.6120261, 1.1359973, 1.6386791]"
wgEncodeAwgTfbsHaibA549Ctcfsc5916Pcr1xDex100nmUniPk,"[1.4179758, 1.6133111, 0.65154976, 1.4385192, 1.5358417, 1.4762212, 1.518676, 1.3225769, 1.5000621, 1.4700458, 1.5626576, 0.74841982, 1.306071, 1.4912366, 1.3439881, 1.1328883]"
wgEncodeAwgTfbsHaibA549Ctcfsc5916Pcr1xEtoh02UniPk,"[0.70685732, 1.4517921, 1.4122602, 1.4966347, 1.4523312, 1.4585687, 1.0292032, 1.3939584, 1.4778579, 1.6746993, 1.4551829, 0.72424376, 1.2112638, 1.6992956, 1.0914755, 1.4988964]"
wgEncodeAwgTfbsHaibA549Elf1V0422111Etoh02UniPk,"[1.5178865, 1.4141034, 1.3072711, 0.58790672, 0.8350879, 1.3707306, 1.199048, 1.2260435, 1.7931296, 1.4761127, 1.2293652, 1.7081876, 1.8243129, 1.5164211, 1.6816075, 1.761142]"
wgEncodeAwgTfbsHaibA549Ets1V0422111Etoh02UniPk,"[1.5469861, 1.3376483, 1.6530032, 1.5109742, 0.72499573, 1.598132, 1.5121928, 1.5396659, 1.0385617, 0.84656435, 0.8047989, 1.6102803, 1.5784807, 1.4438893, 1.5322577, 1.3722354]"
wgEncodeAwgTfbsHaibA549Fosl2V0422111Etoh02UniPk,"[1.4922264, 1.6624075, 1.2022879, 1.2567687, 1.4842993, 1.5979134, 1.4766644, 0.54928595, 1.3872011, 0.56035942, 0.44156051, 1.3693057, 1.5632972, 1.5959456, 0.82802683, 1.5104083]"
wgEncodeAwgTfbsHaibA549Foxa1V0416102Dex100nmUniPk,"[1.4555328, 0.6766777, 1.5785724, 1.0879693, 0.56832117, 1.6474611, 1.4710177, 1.4557856, 1.6318512, 1.3654723, 1.7284855, 1.3223736, 1.6081713, 1.4486526, 1.6010976, 1.4497011]"
wgEncodeAwgTfbsHaibA549GrPcr1xDex500pmUniPk,"[1.4209807, 1.5651405, 1.7026203, 1.7301143, 1.6714169, 1.8240454, 1.5014026, 1.0394582, 1.2574426, 1.4882938, 1.079452, 1.3511767, 1.5341977, 1.4069052, 1.5068841, 1.5723878]"
wgEncodeAwgTfbsHaibA549GrPcr1xDex50nmUniPk,"[1.6500428, 1.5138551, 1.102072, 1.4165225, 1.5931528, 1.5252517, 1.720486, 1.3749416, 1.6383194, 1.6396424, 1.1749681, 1.5508957, 0.75669992, 1.5159693, 1.6460466, 0.76879358]"
wgEncodeAwgTfbsHaibA549GrPcr1xDex5nmUniPk,"[1.5001819, 0.9485926, 1.6041888, 1.6189288, 1.4683681, 1.2275048, 1.6062404, 1.3812894, 1.2065444, 0.82264322, 1.7868687, 0.8140471, 1.6735822, 1.7890978, 1.6078602, 1.4380441]"
wgEncodeAwgTfbsHaibA549GrPcr2xDex100nmUniPk,"[1.5242268, 1.3024733, 1.5843139, 0.90360522, 1.3496224, 1.0495785, 1.6072717, 0.83900523, 1.1507814, 1.5725344, 0.76250303, 1.4868498, 1.5243267, 1.8623946, 1.567282, 1.5135349]"
wgEncodeAwgTfbsHaibA549NrsfV0422111Etoh02UniPk,"[1.4692463, 1.4407643, 1.3903095, 1.3214278, 1.1102306, 1.7733023, 1.6489093, 1.0353637, 1.3016658, 1.2430536, 1.4620204, 1.5289754, 1.6543361, 1.3386934, 1.5098201, 1.5241427]"
wgEncodeAwgTfbsHaibA549Tcf12V0422111Etoh02UniPk,"[0.82584465, 1.4223059, 1.46017, 1.3214568, 0.72279853, 1.1897802, 1.5355422, 1.3782327, 1.3529886, 1.3892207, 1.3862571, 0.62598699, 1.6242549, 1.6233996, 1.4744904, 1.4186674]"
wgEncodeAwgTfbsHaibA549Usf1Pcr1xDex100nmUniPk,"[1.5536102, 1.6478462, 1.4987549, 1.3575515, 1.306253, 1.2323825, 1.5083767, 1.4220849, 1.6385224, 1.5173012, 0.78792351, 1.2903509, 1.6493177, 0.70753676, 1.398833, 1.5280267]"
wgEncodeAwgTfbsHaibA549Usf1Pcr1xEtoh02UniPk,"[1.80784, 1.5236619, 1.5554249, 1.5112756, 0.73772871, 1.4350295, 0.54419768, 1.4018185, 1.3998756, 1.3415236, 1.5617636, 1.3621664, 1.6805453, 1.5571465, 1.5281888, 1.4625831]"
wgEncodeAwgTfbsHaibA549Usf1V0422111Etoh02UniPk,"[0.84246671, 1.6039567, 1.3914657, 0.75922674, 0.68819755, 1.4009885, 1.5687995, 1.5980603, 1.5917991, 1.4508516, 1.369992, 1.6396009, 1.5623735, 1.4954209, 1.6266065, 1.2260432]"
wgEncodeAwgTfbsHaibA549Yy1cV0422111Etoh02UniPk,"[1.6230838, 1.5831282, 1.6151677, 1.8084637, 1.4732879, 1.02153, 1.5444337, 1.6010095, 1.5223306, 1.3735586, 1.1898165, 0.81499016, 1.5148804, 1.0746675, 0.64421785, 1.2473955]"
wgEncodeAwgTfbsHaibA549Zbtb33V0422111Etoh02UniPk,"[1.3809963, 1.6557442, 1.5966089, 1.5637518, 1.3953524, 0.8720932, 1.751496, 1.5619179, 1.7021474, 1.3960074, 1.549365, 1.6002765, 1.574132, 1.6250659, 1.7529025, 1.7136297]"
wgEncodeAwgTfbsHaibEcc1CtcfcV0416102Dm002p1hUniPk,"[1.5883088, 1.3207643, 1.5934786, 1.6934224, 1.6602663, 1.6712395, 0.64053595, 1.5799152, 1.7758435, 1.0179169, 1.4651259, 1.4364346, 1.4091686, 1.2802583, 1.5727224, 0.694116]"
wgEncodeAwgTfbsHaibEcc1EraaV0416102Bpa1hUniPk,"[1.5531731, 1.3071895, 1.8230274, 1.5619309, 1.3831586, 1.3730131, 1.041661, 1.1889222, 1.3465674, 1.4883612, 1.6955414, 1.5754188, 1.3817346, 1.6503171, 1.4632221, 1.4049629]"
wgEncodeAwgTfbsHaibEcc1EralphaaV0416102Est10nm1hUniPk,"[1.6250111, 1.4476973, 1.5977428, 0.89111435, 1.5067271, 1.3295978, 1.6187787, 1.4162512, 1.5535299, 1.7061807, 1.5301906, 1.6016824, 1.5372975, 1.2924582, 0.88933861, 1.630128]"
wgEncodeAwgTfbsHaibEcc1EralphaaV0416102Gen1hUniPk,"[1.241823, 1.2892035, 1.6317606, 1.5829363, 1.3428519, 1.7389184, 1.6375384, 0.89520097, 1.5106853, 1.6947565, 1.669912, 1.10112, 1.0928681, 1.1802411, 1.193338, 1.2866489]"
wgEncodeAwgTfbsHaibEcc1Foxa1sc6553V0416102Dm002p1hUniPk,"[1.6263486, 1.4210132, 0.70872325, 1.7669652, 1.5276294, 1.4369974, 0.73478484, 1.1343058, 1.5834085, 1.5964717, 1.4705598, 1.4957901, 1.43002, 1.6409847, 1.5080004, 1.7213144]"
wgEncodeAwgTfbsHaibEcc1GrV0416102Dex100nmUniPk,"[1.0869563, 1.3547359, 1.5474674, 1.7859218, 1.2335324, 1.3710121, 1.4549675, 1.5729901, 1.6388631, 0.83094347, 1.1741177, 1.5359215, 1.5524265, 1.6197587, 1.4856917, 1.471144]"
wgEncodeAwgTfbsHaibGm12878Atf3Pcr1xUniPk,"[1.6114683, 0.79328191, 1.5491219, 1.5476601, 1.3514912, 0.75521576, 1.3730292, 1.6110449, 1.3437586, 1.4157038, 0.96086448, 1.578002, 1.5726151, 1.6437531, 1.04, 1.2470978]"
wgEncodeAwgTfbsHaibGm12878BatfPcr1xUniPk,"[0.90044677, 1.2758393, 1.5019032, 1.7428393, 1.641553, 0.49549925, 1.5866548, 1.1526787, 1.4666829, 1.4394611, 1.7058268, 1.6432348, 1.4350737, 1.1426644, 0.65473247, 1.7676541]"
wgEncodeAwgTfbsHaibGm12878Cebpbsc150V0422111UniPk,"[1.3832773, 1.4517535, 1.4593946, 0.84702057, 1.5396943, 1.4493445, 1.2271315, 1.0883329, 1.4306325, 1.3940501, 1.6327031, 1.7095605, 1.1897092, 0.80511212, 1.4219176, 1.2631695]"
wgEncodeAwgTfbsHaibGm12878Ebf1sc137065Pcr1xUniPk,"[0.60145015, 1.5634457, 1.2751157, 1.501025, 1.4331272, 1.1444985, 1.4303021, 0.9986468, 1.4800664, 1.2221314, 1.1568114, 1.5012873, 1.4349203, 1.1776874, 1.4171847, 1.6810198]"
wgEncodeAwgTfbsHaibGm12878Egr1Pcr2xUniPk,"[1.498806, 1.175297, 0.47578469, 1.1887887, 1.4967163, 1.2621044, 1.1650712, 1.3347436, 0.57980257, 1.3678354, 1.1655228, 1.5972348, 1.1986163, 1.0687035, 1.1581248, 1.0355567]"
wgEncodeAwgTfbsHaibGm12878Elf1sc631V0416101UniPk,"[1.360949, 1.4741654, 1.2850637, 1.6542389, 1.5827707, 0.61127478, 1.5562094, 0.71435648, 0.68571466, 1.5130697, 1.3252017, 1.6561219, 1.5228633, 1.1604779, 1.6659628, 1.410573]"
wgEncodeAwgTfbsHaibGm12878Ets1Pcr1xUniPk,"[1.628356, 1.1723471, 1.7477542, 1.7006097, 1.7886029, 1.3993207, 0.95459747, 1.6234378, 1.5984521, 1.7215548, 1.246816, 0.88341814, 1.222949, 1.6909124, 1.6366802, 0.98245656]"
wgEncodeAwgTfbsHaibGm12878Mef2aPcr1xUniPk,"[1.5898472, 1.5650181, 1.4789729, 1.5398487, 1.6188029, 1.1778787, 0.99586695, 1.3087522, 0.84906554, 1.2369787, 0.83584166, 1.6367589, 1.6827605, 0.88223058, 1.7060922, 1.4704964]"
wgEncodeAwgTfbsHaibGm12878Mef2csc13268V0416101UniPk,"[0.71140295, 1.5072968, 1.7226077, 1.6606485, 1.4088395, 1.2314054, 1.5676033, 1.4933493, 1.5216136, 1.6259444, 0.88608831, 1.5695145, 1.3439397, 1.4447434, 1.139172, 1.1567833]"
wgEncodeAwgTfbsHaibGm12878Nfatc1sc17834V0422111UniPk,"[1.6817282, 0.96083909, 0.64899772, 1.3483413, 1.442659, 1.7001266, 1.2311612, 1.5932809, 1.3895657, 1.7529037, 1.7467279, 1.3159176, 0.67133039, 1.7995239, 1.4187034, 1.6113755]"
wgEncodeAwgTfbsHaibGm12878Nficsc81335V0422111UniPk,"[0.39886498, 1.5419786, 1.5162085, 1.4931494, 1.5294602, 1.5224252, 1.7103885, 1.3941165, 0.93534499, 1.491771, 1.453586, 1.393487, 0.56170797, 1.3085915, 1.3747917, 0.95683891]"
wgEncodeAwgTfbsHaibGm12878NrsfPcr1xUniPk,"[1.5078403, 1.5869741, 1.1942672, 0.84306055, 1.7196, 1.4049448, 1.3798757, 1.3806746, 1.308604, 1.4802566, 0.92398393, 1.089209, 1.4557468, 1.7279893, 1.5442517, 1.5734057]"
wgEncodeAwgTfbsHaibGm12878Pax5c20Pcr1xUniPk,"[1.6854309, 1.398275, 0.83010429, 1.6067984, 1.4169022, 1.8044996, 1.6174896, 1.3975908, 1.4514346, 1.1566371, 1.5319699, 1.4689682, 1.359622, 1.5074505, 0.8040064, 1.3326178]"
wgEncodeAwgTfbsHaibGm12878Pax5n19Pcr1xUniPk,"[1.5600498, 1.6715044, 1.5707121, 1.0014497, 1.3107675, 0.97686142, 1.563369, 1.4502918, 1.7070777, 1.2905787, 1.3712238, 1.2630148, 1.5701835, 1.4021742, 1.3927268, 1.0787958]"
wgEncodeAwgTfbsHaibGm12878Pou2f2Pcr1xUniPk,"[1.5034893, 1.5386498, 1.6136441, 1.2071759, 1.3965576, 1.53668, 0.8143338, 1.7458835, 1.5910258, 1.6948135, 0.61522806, 1.5521762, 1.4852823, 1.330469, 1.3998613, 1.7101139]"
wgEncodeAwgTfbsHaibGm12878Pu1Pcr1xUniPk,"[1.4414238, 1.5095356, 0.8469426, 1.3948355, 1.4056125, 0.91644788, 1.184971, 1.6471006, 1.6126761, 1.1603185, 1.6223145, 1.1640425, 0.8569262, 1.383108, 0.87094903, 1.0161104]"
wgEncodeAwgTfbsHaibGm12878Runx3sc101553V0422111UniPk,"[1.5997499, 1.4700624, 1.2230985, 1.3880376, 1.4244608, 0.82988083, 0.7778486, 1.5266739, 1.2986358, 1.5045198, 1.5466135, 0.67056501, 1.4745685, 1.4626285, 1.5665113, 1.7677317]"
wgEncodeAwgTfbsHaibGm12878RxraPcr1xUniPk,"[1.4149553, 1.4408288, 1.4268277, 1.5076364, 1.7668625, 1.3474463, 1.6085221, 1.1064171, 1.4877957, 1.5333019, 1.6183252, 1.4331424, 1.6477047, 1.5653644, 1.3238372, 1.5874083]"
wgEncodeAwgTfbsHaibGm12878Sp1Pcr1xUniPk,"[1.2495084, 1.2154616, 1.4157376, 1.3404089, 0.57170129, 1.3153876, 1.1801972, 1.4333647, 1.0599588, 1.0965284, 1.2931737, 1.0768944, 0.66467196, 1.3840306, 1.3596851, 1.3788476]"
wgEncodeAwgTfbsHaibGm12878SrfPcr2xUniPk,"[1.2384849, 1.7610828, 1.5610968, 1.5818866, 1.6376507, 1.5280213, 1.4786125, 1.7329298, 0.97986257, 1.423725, 1.5751224, 1.2995206, 1.9371152, 1.4146109, 1.316371, 1.1650212]"
wgEncodeAwgTfbsHaibGm12878Stat5asc74442V0422111UniPk,"[1.3083135, 0.69127047, 1.4267811, 0.91476011, 1.6550854, 1.3161325, 1.6430315, 1.7640375, 1.3976429, 1.4343443, 1.4865528, 0.75269049, 1.7222928, 1.451785, 1.4006499, 0.47180417]"
wgEncodeAwgTfbsHaibGm12878Tcf12Pcr1xUniPk,"[1.3706405, 1.4954089, 0.52928752, 1.494917, 1.565763, 1.2978201, 1.4160593, 1.3944702, 1.3935552, 1.5387915, 0.50895876, 0.91040659, 1.4700493, 1.6274408, 1.5106763, 1.3386548]"
wgEncodeAwgTfbsHaibGm12878Tcf3Pcr1xUniPk,"[0.53235793, 1.7220432, 0.48968947, 1.6494342, 1.4130284, 1.6440288, 1.445441, 1.5821837, 1.8728026, 1.2964654, 1.6822504, 1.3746355, 1.6323631, 1.5189606, 1.4041158, 1.3796121]"
wgEncodeAwgTfbsHaibGm12878Usf1Pcr2xUniPk,"[1.7503877, 1.5412674, 1.6594329, 1.5513263, 1.1394248, 1.3650045, 1.5846071, 1.4231012, 0.73290849, 0.82819849, 1.4791397, 1.027909, 1.5624859, 1.5996143, 1.5481485, 1.602466]"
wgEncodeAwgTfbsHaibGm12878Yy1sc281Pcr1xUniPk,"[1.554827, 1.6036124, 1.6415422, 0.57102907, 1.6125695, 1.5133536, 1.4635839, 1.5096502, 1.3755908, 0.84776807, 1.6024923, 1.1478395, 0.98952758, 0.69067866, 1.6048905, 1.595264]"
wgEncodeAwgTfbsHaibGm12878Zbtb33Pcr1xUniPk,"[1.6654809, 1.5610389, 1.6704078, 1.6149579, 1.5319923, 1.7844042, 1.6796806, 1.5081928, 1.7683687, 1.5305083, 0.82113367, 1.2679139, 1.4486077, 1.6913075, 1.8002799, 1.1427608]"
wgEncodeAwgTfbsHaibGm12878Zeb1sc25388V0416102UniPk,"[1.7555393, 1.6331428, 1.3314056, 1.7062804, 1.5619696, 1.4885852, 1.5521923, 1.3094002, 1.4973884, 1.3627059, 1.5291204, 1.5258276, 0.74588513, 0.83493555, 1.5328896, 1.613544]"
wgEncodeAwgTfbsHaibGm12891Pax5c20V0416101UniPk,"[1.5759829, 1.397969, 1.2024225, 1.1920105, 1.4412642, 1.1314546, 1.555896, 1.5271285, 1.6442614, 1.646656, 1.6172571, 1.5118634, 1.3799729, 1.3820336, 1.516145, 1.5241083]"
wgEncodeAwgTfbsHaibGm12891Pou2f2Pcr1xUniPk,"[1.5653409, 1.3876017, 1.363552, 1.6520491, 0.63772511, 1.4447986, 1.4893841, 1.4304707, 1.6877196, 1.5123355, 1.6713219, 1.4751626, 1.6257224, 0.7562741, 1.2711785, 1.2631917]"
wgEncodeAwgTfbsHaibGm12891Pu1Pcr1xUniPk,"[1.2797061, 1.6512219, 0.87399971, 1.4228659, 1.4505838, 1.4449025, 1.6820813, 1.1895499, 0.90452558, 1.4901007, 1.7206372, 1.385115, 1.1651483, 1.3933886, 1.1246604, 1.7190956]"
wgEncodeAwgTfbsHaibGm12891Yy1sc281V0416101UniPk,"[0.99689513, 1.4494776, 1.3646214, 1.8113235, 1.2957758, 1.5002182, 1.568145, 0.82447171, 1.5482876, 0.61581576, 1.080497, 1.0563525, 1.7270446, 1.6118195, 1.7037069, 1.5552773]"
wgEncodeAwgTfbsHaibGm12892Pax5c20V0416101UniPk,"[1.7245368, 1.5847424, 1.3824664, 1.5735888, 1.4710562, 1.5111682, 1.3185772, 1.3129535, 0.90647817, 1.6510141, 1.5734172, 1.3136911, 0.89244044, 1.6719842, 1.6078869, 1.1874893]"
wgEncodeAwgTfbsHaibGm12892Yy1V0416101UniPk,"[1.4006058, 1.637376, 1.4866678, 1.5065421, 1.4214776, 1.5776852, 1.4871689, 0.67823076, 1.6201571, 1.4049374, 0.56978106, 1.5134857, 1.5380017, 1.4403256, 0.61943781, 1.4348444]"
wgEncodeAwgTfbsHaibH1hescAtf3V0416102UniPk,"[1.2550827, 1.2923028, 1.6299493, 1.4716346, 1.8162838, 1.1043471, 1.6835754, 0.83356023, 0.72738695, 1.7588434, 1.7518265, 1.5834295, 1.393468, 1.6284013, 1.0881755, 1.3875341]"
wgEncodeAwgTfbsHaibH1hescCtcfsc5916V0416102UniPk,"[0.52456087, 1.5157127, 1.4563218, 1.2631265, 1.2839268, 1.342793, 1.3316661, 1.6126155, 0.53062767, 0.90491432, 1.357529, 1.2610681, 1.169868, 1.3413051, 1.4959016, 1.3635372]"
wgEncodeAwgTfbsHaibH1hescEgr1V0416102UniPk,"[0.83126938, 1.1563262, 1.2951181, 1.3629906, 1.3602014, 1.5245292, 1.1541989, 1.1660221, 1.3895804, 1.0506365, 1.6633221, 1.1748664, 1.2979413, 1.3399566, 1.5422968, 1.0818528]"
wgEncodeAwgTfbsHaibH1hescFosl1sc183V0416102UniPk,"[1.5535321, 1.5861025, 1.5966592, 1.3918234, 1.3107896, 1.2335107, 1.6730255, 1.7379383, 1.5863543, 1.4134117, 1.5249338, 1.6777142, 1.3121907, 1.7271774, 1.7202662, 1.6402086]"
wgEncodeAwgTfbsHaibH1hescJundV0416102UniPk,"[1.5442243, 1.6658531, 0.77097517, 0.72785765, 1.4816039, 1.5832529, 1.5636777, 1.577471, 0.85870588, 1.5746796, 1.7369456, 1.2968318, 1.5603546, 1.374411, 1.7110993, 1.5742612]"
wgEncodeAwgTfbsHaibH1hescNrsfV0416102UniPk,"[1.5645169, 1.3467125, 1.4872382, 1.5016648, 1.2931169, 1.3108423, 1.4445174, 1.4186826, 1.4927658, 1.5630927, 1.257884, 1.5087873, 1.1139311, 1.6295491, 1.2113991, 1.443887]"
wgEncodeAwgTfbsHaibH1hescPou5f1sc9081V0416102UniPk,"[1.2584438, 1.246693, 1.7561601, 1.3203453, 1.324641, 1.2506707, 1.1564981, 1.5325886, 1.3101517, 1.7050191, 1.1084102, 1.2470217, 1.7575574, 1.5990834, 1.4046592, 1.6804317]"
wgEncodeAwgTfbsHaibH1hescRxraV0416102UniPk,"[1.5099353, 1.2388445, 1.6480234, 1.4793628, 1.4032605, 1.5468411, 1.5742035, 1.6646211, 1.6524273, 1.5740135, 1.2026941, 1.4457725, 1.7578633, 1.589003, 1.1280704, 1.4304942]"
wgEncodeAwgTfbsHaibH1hescSp1Pcr1xUniPk,"[1.46358, 1.5147538, 1.4374298, 1.3952144, 1.2161028, 1.3630201, 1.3413587, 1.6390647, 1.3806382, 0.37221703, 0.51359868, 1.2846414, 1.5503486, 1.1585101, 1.1555321, 1.1572876]"
wgEncodeAwgTfbsHaibH1hescSp2V0422111UniPk,"[1.4765103, 1.6223432, 1.419331, 1.1303356, 1.4462914, 0.99313116, 1.6330844, 1.4619629, 1.4377387, 1.3354633, 1.6810896, 1.5283226, 1.403942, 1.685729, 1.1611202, 1.4530814]"
wgEncodeAwgTfbsHaibH1hescSp4v20V0422111UniPk,"[1.4699264, 1.4598441, 1.4457202, 1.4376998, 1.2218463, 0.81330979, 1.4556428, 1.660298, 1.4094167, 1.5819745, 1.1183503, 1.5077107, 0.77589053, 1.4161606, 1.4299721, 0.81376737]"
wgEncodeAwgTfbsHaibH1hescSrfPcr1xUniPk,"[1.5055299, 1.1153357, 1.04, 1.2720817, 0.86740404, 1.6755558, 1.1439232, 1.203032, 1.3665783, 0.97535652, 1.2649113, 1.2727016, 1.5315523, 1.4108564, 1.7668605, 1.6658818]"
wgEncodeAwgTfbsHaibH1hescTcf12Pcr1xUniPk,"[1.5239322, 1.6253345, 1.5398245, 1.3413453, 1.5337619, 1.5525378, 1.3966386, 1.4469479, 1.6438043, 0.81776375, 1.5214731, 1.3393795, 0.63410413, 1.6403825, 1.5191418, 1.501232]"
wgEncodeAwgTfbsHaibH1hescTead4sc101184V0422111UniPk,"[0.73962408, 1.5535791, 1.696999, 1.6793295, 1.4812812, 0.63261521, 0.52566791, 1.4799666, 1.450143, 1.2712865, 1.1746713, 1.4013884, 1.4147393, 1.3706378, 1.6260879, 1.6110148]"
wgEncodeAwgTfbsHaibH1hescUsf1Pcr1xUniPk,"[1.4376713, 1.4746025, 0.51696223, 1.3839896, 1.2369776, 1.2890193, 0.61760557, 1.5383283, 1.5149601, 1.328054, 1.4666711, 1.4738991, 1.6224616, 1.3938991, 1.5772681, 1.6704451]"
wgEncodeAwgTfbsHaibH1hescYy1sc281V0416102UniPk,"[1.6696866, 1.1749519, 1.4077041, 0.88172472, 1.4489688, 1.2816558, 0.61219752, 1.5214516, 0.85545397, 1.4808983, 1.2793376, 1.234179, 1.655377, 1.4446838, 1.0954049, 0.59298575]"
wgEncodeAwgTfbsHaibHct116Yy1sc281V0416101UniPk,"[1.5004283, 1.752166, 1.4791478, 1.5477911, 1.6676514, 1.6560396, 1.4186773, 1.0300075, 0.72682261, 1.4753058, 1.7470752, 0.75818038, 1.3662411, 1.4842255, 1.5407857, 1.7172476]"
wgEncodeAwgTfbsHaibHct116Zbtb33V0416101UniPk,"[1.6935425, 1.7152541, 1.5847234, 1.2133968, 0.73636353, 1.4191455, 1.703967, 1.6796455, 1.4278051, 1.8539307, 1.4741322, 1.1599395, 1.569149, 1.6742532, 1.6558703, 1.4958212]"
wgEncodeAwgTfbsHaibHelas3NrsfPcr1xUniPk,"[1.5351471, 1.5800339, 1.5838265, 1.6087527, 1.670943, 1.6971695, 1.5273352, 1.6240628, 1.3948274, 1.6308893, 1.6056296, 1.513599, 1.6011566, 1.2297485, 1.4082211, 1.2834144]"
wgEncodeAwgTfbsHaibHepg2Atf3V0416101UniPk,"[1.0814455, 1.2210139, 1.7840049, 1.1930448, 1.7210385, 1.1789219, 1.1962352, 1.0424645, 1.1565236, 1.0100881, 1.7156525, 1.0468043, 1.0923694, 1.472883, 1.7476116, 1.7525535]"
wgEncodeAwgTfbsHaibHepg2Bhlhe40V0416101UniPk,"[0.99991477, 1.2483511, 1.5138562, 0.7596736, 1.2774431, 1.4172244, 1.6597153, 1.1622689, 1.2155602, 1.5199857, 1.6038165, 1.5231652, 1.0260029, 1.3164449, 1.7560852, 0.76971781]"
wgEncodeAwgTfbsHaibHepg2Cebpbsc150V0416101UniPk,"[1.3311359, 1.567598, 1.5144539, 1.1127584, 1.5736008, 1.5197556, 1.6938232, 0.80949312, 0.68593848, 1.5274898, 1.6155248, 1.3202492, 1.4861599, 1.4638478, 1.6271302, 1.5574734]"
wgEncodeAwgTfbsHaibHepg2Cebpdsc636V0416101UniPk,"[1.1603531, 1.6379257, 1.5594587, 1.6114618, 1.7090011, 1.7195554, 1.1730858, 1.9385769, 0.79462206, 1.1421063, 1.5803592, 1.6278914, 1.7744638, 1.2938449, 1.4116883, 1.6659421]"
wgEncodeAwgTfbsHaibHepg2Ctcfsc5916V0416101UniPk,"[1.3798984, 1.4978006, 0.93529451, 1.5348816, 1.2750336, 1.299891, 0.71991521, 1.1027881, 1.4866536, 1.5236937, 1.627084, 1.7704401, 1.2054693, 1.5060459, 0.88437599, 1.6337934]"
wgEncodeAwgTfbsHaibHepg2Elf1sc631V0416101UniPk,"[1.7583966, 1.1318328, 1.2936885, 1.2538496, 0.93156707, 1.3898638, 1.6477559, 1.6452657, 0.85147643, 1.271449, 0.85397267, 1.6827025, 1.6218364, 1.4586405, 1.4975699, 1.0356946]"
wgEncodeAwgTfbsHaibHepg2Fosl2V0416101UniPk,"[1.4686003, 1.2645555, 1.5975943, 1.4547515, 1.5739681, 1.309894, 1.5647073, 1.4764458, 1.5381013, 1.6982578, 1.0164139, 1.5688683, 0.6510393, 1.3986669, 1.6519607, 0.56042337]"
wgEncodeAwgTfbsHaibHepg2Foxa1sc101058V0416101UniPk,"[1.4275787, 1.1112846, 1.5244831, 1.4116107, 1.2823279, 1.6498648, 0.63465852, 1.2497451, 1.3873847, 0.60763419, 1.3771019, 1.1972656, 1.5753937, 1.1482358, 1.4712673, 1.4831824]"
wgEncodeAwgTfbsHaibHepg2Foxa1sc6553V0416101UniPk,"[1.7045746, 1.503708, 1.4129738, 1.5329616, 1.6179913, 1.2294987, 0.67045587, 1.5900962, 1.4539911, 1.0447448, 1.5056506, 1.460539, 1.463285, 0.56917858, 1.0295171, 0.6384002]"
wgEncodeAwgTfbsHaibHepg2Foxa2sc6554V0416101UniPk,"[1.2717644, 1.3236687, 1.1506792, 0.62535566, 1.4190326, 0.61492211, 1.5287088, 1.2869253, 1.340607, 1.2933416, 0.76780975, 1.1396785, 1.2331685, 1.5016724, 1.5298419, 1.6170741]"
wgEncodeAwgTfbsHaibHepg2Hnf4asc8987V0416101UniPk,"[1.4834661, 1.4290471, 1.5876706, 1.447799, 1.0112802, 0.8738994, 0.8883515, 1.595551, 1.6926113, 1.4345336, 1.5631969, 1.0208901, 1.5998095, 1.343948, 1.6771666, 0.93689775]"
wgEncodeAwgTfbsHaibHepg2Hnf4gsc6558V0416101UniPk,"[1.2139485, 1.2361869, 1.4778043, 1.7927471, 0.85167253, 1.5249289, 1.4432892, 1.3465766, 1.1901622, 1.5810932, 1.5395796, 0.76784348, 1.4329358, 1.6295836, 1.5701823, 1.3409709]"
wgEncodeAwgTfbsHaibHepg2JundPcr1xUniPk,"[1.5420032, 1.5241745, 0.89034456, 1.7553318, 0.85783386, 0.79450822, 1.8946263, 1.4390683, 1.5334671, 1.3150624, 1.4977844, 1.0998129, 1.551023, 1.493165, 1.6129394, 0.61467063]"
wgEncodeAwgTfbsHaibHepg2Mybl2sc81192V0422111UniPk,"[1.4715011, 1.5448411, 1.3759912, 1.4981885, 1.051435, 1.5468891, 1.5484036, 0.86705095, 1.5933864, 1.510242, 1.7294586, 1.6247956, 1.4209981, 1.6737735, 1.4373397, 1.4567844]"
wgEncodeAwgTfbsHaibHepg2Nficsc81335V0422111UniPk,"[1.3333349, 1.3749788, 1.4497107, 1.3919632, 0.91892195, 1.4715219, 1.100361, 1.6461749, 0.535281, 1.6831547, 1.6592122, 1.4159951, 1.7010889, 1.4867522, 1.2167323, 1.399767]"
wgEncodeAwgTfbsHaibHepg2NrsfPcr2xUniPk,"[1.771066, 1.5158157, 1.7963948, 1.7764245, 1.449509, 1.4704705, 1.3753091, 1.7559271, 1.5701442, 1.7064018, 1.4794517, 1.3468167, 1.1007346, 1.6645966, 1.3876114, 1.3501618]"
wgEncodeAwgTfbsHaibHepg2NrsfV0416101UniPk,"[1.3596275, 1.3421614, 1.5271595, 1.2951596, 1.3421756, 1.5632155, 1.2854972, 1.2560425, 1.4591603, 1.465925, 1.2159512, 1.3813336, 1.5213864, 1.2085166, 1.6721454, 1.4707129]"
wgEncodeAwgTfbsHaibHepg2RxraPcr1xUniPk,"[1.2752417, 1.5371379, 1.5647941, 1.5202911, 1.3796241, 1.1522762, 1.5129238, 1.0518361, 1.4487998, 1.220915, 1.5587894, 1.5957267, 1.3551973, 1.0101167, 1.3549716, 1.674172]"
wgEncodeAwgTfbsHaibHepg2Sp1Pcr1xUniPk,"[1.2918401, 1.1038631, 0.73425215, 1.5175622, 1.4946277, 1.1857312, 0.58993, 1.0628104, 1.2339195, 1.3933005, 1.3515285, 1.0751833, 0.96359885, 1.2757183, 1.4488641, 1.4955893]"
wgEncodeAwgTfbsHaibHepg2Sp2V0422111UniPk,"[1.5537049, 1.6120596, 1.0010016, 1.2261301, 1.413775, 1.2632492, 1.3654953, 1.4663397, 1.6369486, 1.660882, 1.5171564, 1.6780226, 1.5879025, 1.5783879, 1.6573085, 1.5732193]"
wgEncodeAwgTfbsHaibHepg2SrfV0416101UniPk,"[1.7263272, 1.174207, 1.5116121, 1.4986295, 1.4863195, 1.6746868, 0.99688262, 0.99777895, 1.7471336, 1.4859433, 1.6538943, 1.6806449, 1.6879617, 1.42237, 1.3436545, 1.6861551]"
wgEncodeAwgTfbsHaibHepg2Tcf12Pcr1xUniPk,"[1.2313641, 1.5998572, 1.5212653, 1.2227732, 1.5398794, 1.3606528, 1.4049307, 1.3214486, 0.95383239, 1.3541443, 1.2375752, 1.2702061, 1.0044984, 1.4535481, 1.4012669, 1.5721633]"
wgEncodeAwgTfbsHaibHepg2Tead4sc101184V0422111UniPk,"[1.5601596, 1.3374215, 1.6197386, 1.51345, 1.5518816, 0.76232255, 1.1145896, 1.6277143, 1.1696067, 1.0061489, 1.5366032, 1.1695577, 1.1638099, 1.4588286, 0.61298048, 1.5102611]"
wgEncodeAwgTfbsHaibHepg2Usf1Pcr1xUniPk,"[0.89601958, 1.4626083, 0.85272187, 1.149055, 1.4576758, 0.69960058, 0.84451181, 1.7248788, 1.364601, 1.1016405, 1.1756023, 1.4750507, 1.4469196, 1.4865912, 1.5999409, 1.7703454]"
wgEncodeAwgTfbsHaibHepg2Yy1sc281V0416101UniPk,"[1.7143121, 1.6766214, 1.5162948, 0.72795838, 1.6199977, 1.4601654, 1.7466245, 1.6208255, 1.3278222, 1.5132632, 1.1524382, 0.50684214, 1.4569025, 1.0384017, 1.3940653, 1.5318208]"
wgEncodeAwgTfbsHaibHepg2Zbtb33Pcr1xUniPk,"[1.5724205, 1.402456, 1.4661577, 1.0887039, 1.4827327, 1.3319968, 1.4520106, 1.2005724, 1.3556781, 1.4569528, 1.5558898, 1.6769696, 1.3508579, 1.5974849, 1.5003543, 1.2096934]"
wgEncodeAwgTfbsHaibHepg2Zbtb7aV0416101UniPk,"[1.2096568, 1.0776339, 0.74529833, 1.7898741, 1.5728787, 1.6916019, 0.95653731, 1.3504891, 1.4649723, 1.5303546, 1.4775554, 1.4472407, 1.5241835, 1.3831323, 1.1726069, 1.2583789]"
wgEncodeAwgTfbsHaibK562Atf3V0416101UniPk,"[1.5857984, 1.3866136, 1.6756586, 0.70043403, 1.616744, 0.61484081, 1.4833292, 1.5197927, 1.4578187, 1.3533493, 1.4617484, 1.2660512, 1.3171268, 1.7801642, 1.2492367, 1.3673557]"
wgEncodeAwgTfbsHaibK562Cebpbsc150V0422111UniPk,"[1.3192111, 1.559252, 1.2778803, 1.6224427, 1.3435329, 1.4342303, 1.6975974, 1.5161632, 1.0096178, 1.542432, 1.5208129, 1.5637715, 1.472746, 0.47677204, 1.3324612, 1.4124905]"
wgEncodeAwgTfbsHaibK562CtcfcPcr1xUniPk,"[1.5067039, 1.3523254, 1.488023, 1.6329045, 1.3374414, 1.078266, 1.4189248, 0.5286358, 1.431658, 0.77089083, 1.4799438, 1.2454226, 1.6438513, 1.2382976, 1.3017045, 1.4188763]"
wgEncodeAwgTfbsHaibK562E2f6V0416102UniPk,"[1.5222179, 0.58397126, 1.5484862, 1.3482649, 1.5243448, 1.2696109, 1.3246802, 1.1248091, 1.2977982, 0.58373761, 1.3317293, 1.4069362, 1.0672153, 1.4626279, 1.3697639, 1.452651]"
wgEncodeAwgTfbsHaibK562Egr1V0416101UniPk,"[1.286303, 1.0081818, 1.1792984, 1.4560444, 1.3973285, 1.0635113, 1.3938751, 1.3435757, 1.2947232, 1.0264244, 0.55445337, 1.2747574, 1.1635846, 1.1140121, 0.61043245, 1.1946871]"
wgEncodeAwgTfbsHaibK562Elf1sc631V0416102UniPk,"[1.5249162, 1.4801424, 1.3730839, 0.55728757, 1.4943414, 0.71397692, 0.81419218, 1.4972633, 1.3169082, 0.59069252, 1.3465979, 1.4348456, 0.83016515, 1.4715728, 1.279464, 1.441429]"
wgEncodeAwgTfbsHaibK562Ets1V0416101UniPk,"[0.76153111, 1.7654252, 1.4141028, 1.5414369, 0.79895788, 1.6554779, 1.1914165, 0.96393561, 1.6941916, 1.5269768, 1.7286217, 1.6350677, 1.7342952, 1.49551, 1.3600159, 1.4124343]"
wgEncodeAwgTfbsHaibK562Fosl1sc183V0416101UniPk,"[0.82528543, 1.5386343, 1.3134561, 1.5529225, 1.5626729, 1.0554478, 0.80524963, 1.6266559, 1.0376732, 1.3129604, 1.5454401, 1.407867, 0.9919498, 1.6180342, 1.4419999, 1.441143]"
wgEncodeAwgTfbsHaibK562Gata2sc267Pcr1xUniPk,"[1.6604782, 0.72406715, 0.44655168, 1.5807501, 0.86305404, 1.4050473, 1.5107611, 1.5703372, 1.5851065, 1.6488321, 1.6153079, 1.4997052, 1.6782432, 1.7091036, 0.781995, 1.5307786]"
wgEncodeAwgTfbsHaibK562MaxV0416102UniPk,"[0.98360717, 1.37563, 1.5850148, 1.4188435, 0.51402885, 1.6319121, 1.4496475, 1.5473971, 1.499777, 1.3859454, 1.2581915, 0.69949907, 1.5223451, 1.1279465, 1.6236533, 1.0063121]"
wgEncodeAwgTfbsHaibK562Mef2aV0416101UniPk,"[1.4979886, 1.6605793, 1.4400407, 1.4699643, 0.922382, 1.3949765, 1.2902555, 1.6916909, 1.48463, 1.1319984, 1.5910629, 1.646973, 1.3946196, 1.1837782, 1.5017891, 1.4657108]"
wgEncodeAwgTfbsHaibK562NrsfV0416102UniPk,"[1.4719068, 1.2127662, 1.6561307, 1.2252969, 1.5040698, 1.6063669, 1.3572193, 1.4942756, 1.4885336, 1.3962004, 1.5464429, 1.6038536, 1.2748097, 1.5313632, 1.2342185, 1.3413305]"
wgEncodeAwgTfbsHaibK562Pu1Pcr1xUniPk,"[1.0123962, 1.461803, 1.6040617, 1.2977643, 1.5420727, 1.2894777, 0.66203219, 1.3372439, 0.94175792, 1.110978, 1.6577948, 1.4649178, 1.2037476, 1.3594931, 1.7606283, 1.1068826]"
wgEncodeAwgTfbsHaibK562Sp1Pcr1xUniPk,"[1.2044287, 1.2907875, 1.1730467, 1.4557043, 0.61224359, 1.4451059, 1.4309446, 1.5627075, 0.93460983, 1.4734509, 1.2673602, 1.0620487, 1.2959425, 1.2031798, 1.1952983, 1.5142115]"
wgEncodeAwgTfbsHaibK562Sp2sc643V0416102UniPk,"[1.628942, 1.2327216, 1.3410572, 1.4448723, 0.91165352, 1.5772568, 1.3013195, 1.2579682, 1.5925565, 1.5227263, 1.5365362, 1.4354702, 0.87544471, 1.3909336, 1.6167713, 1.4292018]"
wgEncodeAwgTfbsHaibK562SrfV0416101UniPk,"[1.5468303, 1.3473767, 1.7157524, 1.8106091, 1.2674998, 1.5551293, 1.5304799, 1.6400783, 1.7083826, 1.4141974, 1.5333542, 1.661337, 1.4297633, 1.6017903, 1.5518281, 1.6010052]"
wgEncodeAwgTfbsHaibK562Stat5asc74442V0422111UniPk,"[1.4411339, 1.2466154, 1.4781839, 1.7090781, 1.7526735, 1.589672, 1.3639648, 1.4507703, 1.6004874, 1.4670504, 1.4189003, 0.76518625, 1.535409, 1.5699015, 0.733244, 1.5301807]"
wgEncodeAwgTfbsHaibK562Tead4sc101184V0422111UniPk,"[1.2142547, 1.3218415, 1.3339868, 1.2481585, 1.6188638, 0.63802195, 1.6561651, 0.52204698, 1.5076631, 1.4753646, 1.4619567, 1.6043581, 1.6011101, 1.2621189, 1.4695572, 1.3734543]"
wgEncodeAwgTfbsHaibK562Thap1sc98174V0416101UniPk,"[1.5559449, 1.3049222, 1.5054157, 1.3059654, 1.54268, 1.4396727, 1.6560948, 1.4870288, 1.3355417, 1.6665378, 1.7216177, 1.6235075, 1.3913829, 0.66568452, 1.3423271, 1.1168587]"
wgEncodeAwgTfbsHaibK562Usf1V0416101UniPk,"[1.5841415, 1.0535915, 1.1886803, 1.5630679, 1.6821265, 1.3624278, 1.7426236, 1.341121, 1.5792671, 1.4581997, 1.4367573, 1.2962173, 0.65911216, 1.5411087, 1.5109085, 0.53040576]"
wgEncodeAwgTfbsHaibK562Yy1V0416101UniPk,"[1.5583901, 1.779997, 1.6707656, 1.6188941, 1.6819437, 1.573602, 1.6171368, 0.75903106, 1.3423638, 1.6263418, 1.611565, 1.1227103, 1.0533898, 1.4073937, 1.5039258, 0.55229235]"
wgEncodeAwgTfbsHaibK562Yy1V0416102UniPk,"[1.4333098, 1.6297178, 0.56984782, 1.4424636, 1.518656, 0.4885146, 1.3900946, 1.6719902, 1.1932396, 1.8529677, 0.7338897, 1.2451421, 1.6664166, 1.5923038, 1.2433851, 1.7468154]"
wgEncodeAwgTfbsHaibK562Zbtb33Pcr1xUniPk,"[1.2893146, 1.6328442, 1.4200482, 1.3595542, 1.1836746, 1.4933691, 1.4013202, 1.3590802, 1.5822656, 1.124329, 1.4935546, 1.2918488, 1.514515, 1.4395587, 1.3672644, 1.2525935]"
wgEncodeAwgTfbsHaibK562Zbtb7asc34508V0416101UniPk,"[1.4328513, 1.386049, 1.6646191, 1.3275688, 1.2496639, 1.6775464, 1.1342618, 0.33707321, 1.3734632, 1.2540555, 0.89051002, 1.5384096, 1.0117561, 1.4612192, 1.0531615, 0.54330778]"
wgEncodeAwgTfbsHaibPanc1NrsfPcr2xUniPk,"[1.6333227, 1.6922441, 1.3093458, 1.6535821, 1.4599762, 1.5871462, 1.2177417, 1.6499019, 1.5468783, 1.5833462, 1.6014885, 1.5678211, 1.4735734, 1.4773738, 1.4131802, 1.6257917]"
wgEncodeAwgTfbsHaibPfsk1Foxp2Pcr2xUniPk,"[1.5555458, 0.59219301, 1.5249372, 1.5009942, 1.7849535, 1.2248366, 0.5938527, 0.76767397, 1.3781739, 1.5522666, 1.5279737, 1.0044194, 0.90907395, 1.4592133, 1.5979815, 1.5056592]"
wgEncodeAwgTfbsHaibPfsk1NrsfPcr2xUniPk,"[1.339812, 1.485927, 1.3377684, 1.5267907, 1.565033, 1.5127203, 1.5665561, 1.6951687, 1.4465255, 0.9673155, 1.7195407, 1.5719594, 1.3932273, 1.4017841, 1.6596255, 1.2205917]"
wgEncodeAwgTfbsHaibSknmcFoxp2Pcr2xUniPk,"[0.7472012, 1.4188275, 1.6311822, 1.5351826, 0.90700305, 1.5067282, 1.4751455, 1.3753468, 0.718669, 1.2443283, 1.4973292, 1.5109628, 1.3999695, 1.7095491, 0.56902444, 0.74544549]"
wgEncodeAwgTfbsHaibSknshNrsfPcr2xUniPk,"[1.2876848, 1.4567554, 1.3561554, 1.371703, 1.4444829, 1.362048, 1.4978802, 1.2975376, 1.6174656, 1.5573615, 1.5650506, 1.1922793, 1.6909914, 1.5493468, 1.2986341, 1.5153115]"
wgEncodeAwgTfbsHaibSknshNrsfV0416101UniPk,"[1.471459, 1.3229679, 1.4505275, 1.2645043, 1.3657852, 0.81935745, 1.038988, 1.4919238, 1.4355289, 1.5639648, 1.7096374, 1.3922191, 1.5776967, 1.0906861, 1.6553971, 1.515505]"
wgEncodeAwgTfbsHaibSknshraCtcfV0416102UniPk,"[1.0655131, 1.4066415, 1.4435822, 1.0516849, 0.96342576, 1.5319415, 1.3857356, 1.3237622, 1.7450339, 1.6366557, 0.80553192, 1.3148335, 1.568977, 1.6045271, 1.6612149, 1.5603687]"
wgEncodeAwgTfbsHaibSknshraUsf1sc8983V0416102UniPk,"[0.97997862, 1.530391, 1.6488553, 1.4294639, 1.1508594, 1.4037659, 1.3126864, 1.4743283, 1.4537747, 1.650882, 1.7480025, 1.7278991, 1.144546, 1.103532, 1.2527984, 1.4497601]"
wgEncodeAwgTfbsHaibSknshraYy1sc281V0416102UniPk,"[1.0268861, 1.1002936, 1.6552941, 1.7641046, 1.5774912, 1.3798453, 1.666965, 1.2481378, 1.2066921, 0.82903969, 1.8228364, 1.6500463, 1.6966295, 1.7093316, 0.77857757, 1.1701816]"
wgEncodeAwgTfbsHaibT47dCtcfsc5916V0416102Dm002p1hUniPk,"[1.3114183, 1.4934, 1.8518033, 1.3571588, 1.4047502, 1.5106642, 1.2925925, 0.7416752, 1.654534, 0.66736627, 1.2836211, 1.5036719, 1.2033532, 1.5430924, 1.5871272, 1.5043061]"
wgEncodeAwgTfbsHaibT47dEraaV0416102Bpa1hUniPk,"[1.3177233, 1.4221061, 1.4578857, 1.4174724, 1.5003419, 1.4717758, 1.1097786, 1.1938846, 1.389366, 1.3449103, 1.6613159, 1.4515717, 1.1513172, 1.3461949, 1.5519323, 1.4685767]"
wgEncodeAwgTfbsHaibT47dEralphaaPcr2xGen1hUniPk,"[1.6810136, 0.94350171, 1.6064099, 1.4810629, 1.2687346, 1.0609238, 1.0704511, 1.5018245, 0.62302536, 1.7313211, 1.3345292, 1.5549219, 1.7747922, 1.6796094, 1.3619343, 1.2564133]"
wgEncodeAwgTfbsHaibT47dEralphaaV0416102Est10nm1hUniPk,"[1.1947519, 1.3361455, 1.6138365, 1.5850394, 0.91932273, 1.0152173, 1.6597416, 1.0287769, 1.6165566, 1.1784291, 1.4851413, 1.7219827, 1.7374188, 1.5043733, 1.6866174, 1.1778485]"
wgEncodeAwgTfbsHaibT47dFoxa1sc6553V0416102Dm002p1hUniPk,"[1.2531247, 1.3492477, 1.2152469, 1.471653, 1.4173441, 1.5649686, 1.4765393, 1.4431639, 1.4483658, 0.5185014, 1.6157379, 1.4069817, 1.4157676, 1.6213346, 1.3050821, 0.59212583]"
wgEncodeAwgTfbsHaibT47dGata3sc268V0416102Dm002p1hUniPk,"[1.1725972, 1.7013386, 1.4855564, 1.4153255, 1.4725146, 0.68508071, 1.7998726, 1.4174218, 1.327189, 1.2232518, 1.383247, 1.5894971, 1.4202657, 1.338424, 1.4428999, 0.56921816]"
wgEncodeAwgTfbsHaibU87NrsfPcr2xUniPk,"[1.2786331, 1.3849792, 1.7105813, 1.3482486, 1.6713588, 1.3880767, 1.3187039, 1.4126861, 1.7447455, 1.4895334, 1.5294104, 1.7353247, 1.6197704, 1.5670668, 1.3746549, 1.4821162]"
wgEncodeAwgTfbsSydhA549Bhlhe40IggrabUniPk,"[1.6172377, 1.4637767, 0.75636429, 1.3820609, 1.0922364, 0.67201859, 1.6523635, 1.633165, 1.7569156, 1.7394649, 0.96847951, 1.3145801, 1.7253256, 1.1993883, 1.7259022, 1.7272383]"
wgEncodeAwgTfbsSydhA549CebpbIggrabUniPk,"[1.1998909, 1.5116022, 1.5959711, 1.6881642, 0.68628711, 1.4478066, 1.6660866, 1.3346618, 0.57179809, 1.357253, 1.6370806, 1.4282119, 1.7669896, 1.1931015, 1.4834055, 1.7831591]"
wgEncodeAwgTfbsSydhA549MaxIggrabUniPk,"[1.4347086, 0.74458802, 1.6259941, 1.5693491, 0.74398452, 1.5518419, 1.4350888, 1.0393997, 1.1036054, 1.575232, 1.6149206, 1.6967865, 1.5275177, 1.4570792, 1.5323825, 1.1188388]"
wgEncodeAwgTfbsSydhGm10847NfkbTnfaIggrabUniPk,"[1.5762814, 0.88381302, 1.6341717, 1.718435, 1.6898209, 1.7192535, 1.7004135, 1.522584, 1.6065222, 1.590387, 0.99652052, 1.5677924, 1.2438997, 1.2982823, 1.5875723, 1.4862084]"
wgEncodeAwgTfbsSydhGm12878Bhlhe40cIggmusUniPk,"[1.4442579, 1.6224265, 1.043808, 1.5855778, 1.6406702, 1.6573056, 1.4817421, 1.5012045, 1.1572938, 0.60179895, 1.7029083, 1.5557394, 1.745141, 1.2375054, 1.2722701, 1.5518802]"
wgEncodeAwgTfbsSydhGm12878CfosUniPk,"[0.89188629, 1.5514402, 1.5275297, 1.5388336, 1.2464932, 1.4298156, 1.5398296, 1.6108811, 1.5283859, 1.3892121, 1.6868374, 1.0331955, 1.3184243, 1.1291703, 1.0551198, 1.5299033]"
wgEncodeAwgTfbsSydhGm12878Ctcfsc15914c20UniPk,"[1.2644721, 1.6354201, 0.66110152, 1.5346489, 1.2773013, 1.435173, 1.627098, 1.2915655, 1.4712992, 1.3729056, 1.0742205, 1.6012168, 1.6459241, 1.7690338, 0.66085213, 1.4701831]"
wgEncodeAwgTfbsSydhGm12878E2f4IggmusUniPk,"[1.3190378, 1.1989168, 1.7341434, 1.151009, 1.2977443, 1.404273, 1.4792545, 1.2631766, 1.512553, 1.5559405, 1.3906189, 1.6037962, 1.5044649, 1.3729107, 1.449378, 1.0977616]"
wgEncodeAwgTfbsSydhGm12878Ebf1sc137065UniPk,"[0.58865309, 0.67246526, 1.4705949, 1.3199848, 1.4609599, 1.2421639, 1.584951, 1.6403297, 1.1381809, 1.6224021, 0.84683245, 1.3383594, 0.95985138, 1.0820805, 1.4009041, 1.5679141]"
wgEncodeAwgTfbsSydhGm12878Elk112771IggmusUniPk,"[1.4730747, 1.575027, 0.95665789, 1.4515222, 1.5593792, 1.5815436, 0.93251097, 1.6557298, 1.6138364, 1.5958534, 1.51077, 1.0843871, 1.7835393, 1.6692597, 1.7280957, 1.7700551]"
wgEncodeAwgTfbsSydhGm12878JundUniPk,"[1.1221936, 1.3290509, 1.2170939, 1.0770465, 0.99046701, 1.6359053, 1.583159, 1.6689575, 1.4135737, 1.2317386, 1.0368921, 1.1758375, 1.2129458, 1.3811232, 1.4368912, 1.3061366]"
wgEncodeAwgTfbsSydhGm12878MaxIggmusUniPk,"[1.6792544, 1.5630716, 1.5504315, 1.0876858, 1.6998971, 1.6476611, 1.0939525, 1.2746146, 1.5081173, 1.5973831, 0.66465646, 0.6964007, 1.7169547, 1.609416, 1.6402832, 1.5316567]"
wgEncodeAwgTfbsSydhGm12878Nfe2sc22827UniPk,"[1.4237508, 1.2193727, 0.80418062, 1.3279971, 1.4283062, 1.5755429, 1.1083672, 1.4883407, 1.0614897, 1.2984233, 1.7160983, 1.0034605, 1.4452965, 1.4302509, 1.2431111, 1.6819065]"
wgEncodeAwgTfbsSydhGm12878NfkbTnfaIggrabUniPk,"[1.3322647, 1.4961513, 1.6614196, 1.3789009, 1.256333, 1.5789647, 0.77045739, 0.94810981, 1.0578876, 1.5102404, 1.7396326, 1.6391331, 1.502468, 1.370399, 1.4674572, 1.5697339]"
wgEncodeAwgTfbsSydhGm12878NfyaIggmusUniPk,"[1.0553206, 1.73227, 1.6835976, 1.3688977, 1.1760243, 1.4562868, 1.4726739, 1.4694573, 1.3577399, 1.4687277, 1.5983758, 1.5763304, 1.733583, 1.6970598, 1.510704, 1.3153061]"
wgEncodeAwgTfbsSydhGm12878NfybIggmusUniPk,"[0.86795831, 1.2345654, 1.3376245, 1.598006, 1.6275585, 1.5277412, 0.59924287, 0.57998204, 1.5668186, 1.4893503, 1.2770908, 0.93421227, 1.6202124, 1.6171733, 0.59178698, 1.543628]"
wgEncodeAwgTfbsSydhGm12878Nrf1IggmusUniPk,"[1.2125025, 1.6180176, 1.4537973, 1.5715721, 1.4701766, 1.2787526, 1.5644279, 1.1366361, 1.4562472, 1.5316379, 0.74918765, 1.6888134, 1.6691443, 1.528317, 1.3930295, 1.3566823]"
wgEncodeAwgTfbsSydhGm12878Rfx5200401194IggmusUniPk,"[1.2018893, 0.82845283, 1.4529288, 1.5247852, 1.8315271, 1.2024709, 1.495078, 1.288003, 1.1197323, 1.182575, 1.5008489, 1.4921296, 1.0098867, 1.3507327, 1.7085195, 1.2261758]"
wgEncodeAwgTfbsSydhGm12878Stat1UniPk,"[1.5004699, 1.5338405, 1.6530862, 1.689361, 1.4453777, 1.2899354, 1.0593921, 1.4027545, 1.6939796, 1.7182107, 1.496417, 1.5968716, 1.4555218, 0.80684561, 1.5303018, 1.4230233]"
wgEncodeAwgTfbsSydhGm12878Stat3IggmusUniPk,"[1.5465138, 0.78791428, 1.5058497, 1.5547732, 1.4660745, 1.5508926, 1.5112592, 1.3973547, 1.4079797, 1.5576181, 1.5946031, 1.4954921, 0.64834535, 1.348845, 1.4536767, 1.250393]"
wgEncodeAwgTfbsSydhGm12878TbpIggmusUniPk,"[1.4795574, 1.3249848, 1.4588554, 0.78482896, 1.4428482, 1.8160329, 1.6214561, 1.4478421, 0.8522734, 1.4779694, 1.6000615, 1.5678989, 1.5924373, 1.7636533, 1.5742491, 1.0975428]"
wgEncodeAwgTfbsSydhGm12878Tr4UniPk,"[1.5294702, 1.3562871, 1.373847, 1.6500119, 1.5544159, 1.2567885, 1.5689012, 1.5992754, 1.3154758, 1.5418618, 1.6269935, 1.4933566, 1.4095992, 1.5392076, 1.3781259, 1.5722455]"
wgEncodeAwgTfbsSydhGm12878Usf2IggmusUniPk,"[1.3076003, 1.340446, 0.72788078, 1.5887762, 1.1379476, 1.7398132, 0.76881868, 1.5306393, 1.3226525, 0.78811449, 1.4157436, 1.706984, 1.5524427, 1.6157123, 1.6233628, 1.5757169]"
wgEncodeAwgTfbsSydhGm12878Yy1UniPk,"[0.86875647, 1.4125556, 1.5522553, 1.3843741, 1.2111019, 0.95692271, 1.0532403, 1.4291022, 1.2449753, 1.2582924, 1.3235695, 1.7975971, 1.1507957, 1.4845405, 1.6118695, 0.83407301]"
wgEncodeAwgTfbsSydhGm12878Znf143166181apUniPk,"[1.5569482, 1.5637791, 1.5605015, 1.6632965, 1.0775168, 1.6625327, 1.524955, 1.1777149, 0.94975162, 1.6306475, 0.71638578, 1.4881443, 1.5235411, 0.95201975, 1.4999292, 1.5567725]"
wgEncodeAwgTfbsSydhGm12891NfkbTnfaIggrabUniPk,"[1.250808, 0.90612954, 1.5991299, 1.321759, 1.3965638, 1.2998332, 1.6143914, 1.3627024, 1.3267654, 1.425088, 1.4707316, 1.431421, 1.3964796, 1.7072883, 1.5504258, 1.1347142]"
wgEncodeAwgTfbsSydhGm12892NfkbTnfaIggrabUniPk,"[1.6533942, 1.6797529, 0.85023659, 1.6022942, 1.3977596, 1.5046189, 1.5174155, 1.6124109, 1.3083249, 1.390572, 1.5538247, 1.3734138, 1.2660646, 1.4118406, 1.4017657, 0.89930987]"
wgEncodeAwgTfbsSydhGm15510NfkbTnfaIggrabUniPk,"[1.5576167, 1.6639237, 1.4224594, 1.5496308, 1.3777348, 1.551271, 1.6403985, 1.456073, 1.5243231, 1.3115408, 1.6916063, 0.87771344, 1.5685848, 1.386305, 1.6216507, 0.93367404]"
wgEncodeAwgTfbsSydhGm18505NfkbTnfaIggrabUniPk,"[1.6516055, 1.6349431, 1.4046375, 0.90951097, 1.810421, 1.6423764, 1.0590793, 1.517926, 1.6841092, 1.1917096, 1.5194663, 1.3243141, 1.3303126, 1.3153832, 1.6148543, 1.2406294]"
wgEncodeAwgTfbsSydhGm18526NfkbTnfaIggrabUniPk,"[1.3684411, 1.450404, 1.4478914, 1.5999805, 1.5689396, 1.4619875, 1.5965707, 1.5058285, 1.5075625, 1.2856938, 0.93848008, 1.5532268, 0.9992488, 1.7031616, 1.5729123, 1.518909]"
wgEncodeAwgTfbsSydhGm18951NfkbTnfaIggrabUniPk,"[1.6090784, 1.5578495, 1.555974, 1.1470556, 1.6412368, 1.1515173, 0.9945398, 0.84855825, 1.4526654, 1.4609855, 1.6793522, 1.2974361, 1.3002664, 1.5054959, 1.4765805, 1.5064305]"
wgEncodeAwgTfbsSydhGm19099NfkbTnfaIggrabUniPk,"[1.6989794, 1.0484474, 1.5984659, 1.4679985, 1.3085272, 1.6871502, 1.420185, 1.1318915, 0.94760841, 1.4737575, 1.5616118, 1.6302819, 0.89390403, 1.1622519, 1.513468, 1.4169476]"
wgEncodeAwgTfbsSydhGm19193NfkbTnfaIggrabUniPk,"[0.96825927, 1.5215741, 1.5012751, 1.2209046, 1.6189675, 1.5127732, 1.6422958, 0.81030566, 1.3809322, 1.4783294, 1.3020636, 0.96417403, 1.3934104, 1.4012325, 1.3475471, 1.4598864]"
wgEncodeAwgTfbsSydhH1hescBach1sc14700IggrabUniPk,"[1.3758696, 1.5647548, 0.90068555, 1.2120177, 1.6896187, 1.8222251, 1.6825849, 1.4453064, 1.5594214, 1.199459, 1.6983966, 1.6749012, 1.3632977, 1.419992, 1.6522695, 0.63252509]"
wgEncodeAwgTfbsSydhH1hescCebpbIggrabUniPk,"[1.4126161, 1.6153212, 0.88935858, 1.4846578, 1.0834851, 1.5958836, 1.6471171, 0.85639173, 1.5754658, 0.69401586, 1.654529, 1.5695425, 1.0935493, 1.5618459, 1.5846705, 1.2006618]"
wgEncodeAwgTfbsSydhH1hescCjunIggrabUniPk,"[1.326033, 1.5980046, 1.4971983, 1.2328351, 1.5553094, 1.4289682, 1.4592862, 1.3440248, 1.4526706, 1.5391641, 1.1470724, 1.6110879, 1.5306858, 1.6263388, 1.3010151, 0.94787163]"
wgEncodeAwgTfbsSydhH1hescCmycIggrabUniPk,"[0.69087654, 0.91778207, 1.6547133, 1.5457038, 1.3592362, 1.7291092, 1.7462822, 0.76236242, 1.4518529, 1.7287918, 1.1663599, 1.6685402, 1.3554296, 1.5471076, 1.5778952, 1.600126]"
wgEncodeAwgTfbsSydhH1hescJundIggrabUniPk,"[1.4255873, 1.0921354, 1.2037156, 1.4944633, 0.85693693, 0.82016706, 1.6846204, 1.446857, 1.5778052, 1.6122546, 1.2186418, 1.7171991, 1.1916432, 1.6192911, 0.80322188, 1.2091477]"
wgEncodeAwgTfbsSydhH1hescMafkIggrabUniPk,"[1.6515895, 1.6542761, 1.6398953, 0.98503387, 0.96439916, 1.5899936, 1.5234418, 0.50558782, 1.4274325, 1.6768126, 1.7025648, 1.5038486, 0.52192616, 1.5605533, 1.6918515, 1.3660764]"
wgEncodeAwgTfbsSydhH1hescMaxUcdUniPk,"[1.3827865, 1.7137424, 0.76147217, 1.5739775, 0.55710608, 0.76287705, 1.4863396, 1.6355628, 1.4451556, 1.2715106, 1.4015973, 1.470138, 1.5136529, 1.3844926, 1.3864229, 1.3102363]"
wgEncodeAwgTfbsSydhH1hescNrf1IggrabUniPk,"[1.5071383, 1.5289505, 1.6567386, 1.1366767, 1.2085363, 1.3746057, 1.4386725, 1.1131783, 1.4915372, 1.299336, 1.6520283, 1.3633072, 1.2281727, 1.6869904, 1.4793411, 1.566898]"
wgEncodeAwgTfbsSydhH1hescRfx5200401194IggrabUniPk,"[1.4784675, 1.526324, 1.5900786, 1.643512, 1.4021754, 1.5592417, 1.3081758, 1.633546, 1.4047523, 1.2569022, 1.5475742, 1.7052051, 1.4435089, 0.96061599, 1.6636949, 1.3843645]"
wgEncodeAwgTfbsSydhH1hescTbpIggrabUniPk,"[1.4172577, 1.7127838, 1.2953699, 1.6452658, 1.2026523, 1.7019944, 1.6120105, 0.81629813, 1.6148738, 1.3320395, 1.5785568, 0.88578027, 1.5538538, 1.3967164, 1.7611879, 1.6168692]"
wgEncodeAwgTfbsSydhH1hescUsf2IggrabUniPk,"[1.4145541, 1.4649273, 1.6430805, 1.3798631, 1.5821441, 1.6019003, 1.655861, 1.6906236, 1.5772895, 1.7196274, 1.4454137, 0.71609247, 1.4850444, 1.7115469, 1.2705287, 1.3167908]"
wgEncodeAwgTfbsSydhH1hescZnf143IggrabUniPk,"[1.5159597, 1.4026234, 1.5465976, 1.2208514, 1.4690896, 1.625144, 1.3601959, 1.5094898, 1.1018919, 1.5321646, 1.6023533, 0.94231772, 1.1583706, 1.6479487, 0.83359575, 1.6253589]"
wgEncodeAwgTfbsSydhHct116Tcf7l2UcdUniPk,"[1.4242151, 1.7222433, 1.1420604, 1.4183846, 1.611685, 1.5731479, 0.76718366, 1.7106935, 1.4859684, 0.73324883, 0.97551012, 0.92447335, 0.6685974, 1.8585701, 1.2746047, 0.95376015]"
wgEncodeAwgTfbsSydhHek293Elk4UcdUniPk,"[0.8465693, 1.5900644, 1.6530918, 1.5971076, 1.8385811, 0.69766289, 1.5371219, 1.5958338, 1.3400831, 1.7219707, 1.3555702, 1.3781497, 1.4446732, 1.5678475, 1.7938354, 1.631828]"
wgEncodeAwgTfbsSydhHek293Tcf7l2UcdUniPk,"[1.7502261, 1.6070318, 1.3240303, 0.7711522, 1.5556165, 1.7048513, 0.73368174, 1.2310563, 1.4570159, 1.5573359, 1.5076265, 1.6880503, 1.669883, 1.6771506, 1.5855446, 1.0080137]"
wgEncodeAwgTfbsSydhHek293tZnf263UcdUniPk,"[1.1146615, 1.0924592, 1.1147678, 1.2834119, 1.0059352, 1.233001, 1.0319887, 0.56488115, 1.2457192, 1.2275132, 1.2378545, 1.1605591, 1.1906278, 1.2502595, 1.4748943, 1.0295564]"
wgEncodeAwgTfbsSydhHelas3Ap2alphaUniPk,"[1.6356431, 1.2538457, 1.5142758, 1.4565806, 1.40453, 1.3248537, 1.5730988, 1.590386, 1.389758, 1.0370532, 1.3075633, 1.3835993, 1.4337704, 0.58473313, 1.3087534, 1.430554]"
wgEncodeAwgTfbsSydhHelas3Ap2gammaUniPk,"[1.1828774, 1.1781108, 0.52135623, 1.0734249, 1.4053018, 1.5806973, 1.6917452, 1.2741089, 0.44025657, 1.3928703, 1.0989858, 1.3150989, 1.2415986, 1.3967693, 1.0603179, 1.4578013]"
wgEncodeAwgTfbsSydhHelas3CebpbIggrabUniPk,"[1.0720985, 1.4413022, 0.60244644, 1.5085105, 1.0662936, 1.3635405, 1.4842721, 0.56558681, 1.2183379, 1.5713235, 1.4202096, 1.5322074, 1.2581992, 1.5531274, 1.0832525, 1.5554137]"
wgEncodeAwgTfbsSydhHelas3CfosUniPk,"[1.424536, 1.5249535, 0.83312654, 0.86973602, 0.68793982, 1.5983856, 0.85983729, 1.5692191, 1.3016424, 1.2937046, 1.4571545, 1.5264146, 1.5849204, 1.7250165, 1.2376878, 1.6078615]"
wgEncodeAwgTfbsSydhHelas3CjunIggrabUniPk,"[1.6537801, 0.67699158, 1.1317267, 1.6079005, 1.5418243, 1.6902575, 0.58421868, 0.65994662, 1.2439969, 1.6053529, 1.2123743, 1.4420593, 1.6529726, 1.5705018, 1.5754243, 1.4160204]"
wgEncodeAwgTfbsSydhHelas3CmycUniPk,"[1.5206816, 1.710271, 0.70139015, 1.3777629, 1.5742618, 1.6168413, 1.6769311, 1.6669573, 1.2752464, 1.3869456, 1.7637274, 1.7528766, 1.5093591, 1.6163591, 1.5189799, 1.5008109]"
wgEncodeAwgTfbsSydhHelas3E2f1UniPk,"[1.3315691, 1.4457055, 0.64790457, 1.5270133, 1.6318469, 1.5327915, 1.6703467, 1.5984437, 1.4623024, 1.3052607, 1.4016529, 1.5904291, 1.4745358, 1.2877218, 1.271421, 1.6148708]"
wgEncodeAwgTfbsSydhHelas3E2f4UniPk,"[1.3356581, 1.2629385, 1.3485489, 1.3412765, 1.6253014, 1.4866637, 1.361595, 1.2673928, 1.3982173, 1.6524762, 1.2664725, 1.6890357, 1.605054, 1.6234579, 1.3439493, 1.5308276]"
wgEncodeAwgTfbsSydhHelas3E2f6UniPk,"[0.61286139, 1.4757146, 1.5771363, 0.71911794, 1.4833527, 1.6438348, 1.1627711, 1.6224636, 1.5007662, 1.4306307, 1.51078, 1.4527657, 1.1233339, 1.0217142, 1.4928294, 1.3580465]"
wgEncodeAwgTfbsSydhHelas3Elk112771IggrabUniPk,"[1.3008505, 0.81028116, 1.589188, 1.4865979, 1.6234952, 1.4523749, 1.0657842, 1.6955112, 1.5051987, 1.5809964, 1.2000098, 1.6297427, 1.1082059, 1.8377585, 1.5183181, 1.272575]"
wgEncodeAwgTfbsSydhHelas3Elk4UcdUniPk,"[1.1575267, 0.57943583, 0.95844251, 0.6468206, 1.7409095, 0.5927434, 1.7052133, 1.378516, 1.3603163, 1.3850545, 1.6942576, 1.5157559, 1.4576733, 1.5729862, 1.8175988, 1.6381508]"
wgEncodeAwgTfbsSydhHelas3Hae2f1UniPk,"[0.62137681, 1.2178807, 1.5380735, 1.3308513, 1.5140169, 1.5348839, 1.5635108, 1.4601055, 1.5244907, 1.6803253, 1.4491894, 1.4723222, 1.549172, 1.7937338, 1.6255144, 1.5354662]"
wgEncodeAwgTfbsSydhHelas3JundIggrabUniPk,"[0.67591959, 1.4319626, 1.5956674, 1.3235686, 1.5699873, 1.3804475, 1.3820059, 1.6295805, 1.6271796, 1.3371216, 1.5022349, 1.4327759, 1.3320851, 1.70158, 1.4570024, 1.4171296]"
wgEncodeAwgTfbsSydhHelas3MafkIggrabUniPk,"[0.92793381, 1.7699251, 1.5136294, 1.4542511, 1.6050017, 0.58967209, 1.6842173, 1.6978583, 1.4954629, 1.6410456, 0.7101348, 1.159799, 1.781297, 0.58506995, 1.3587946, 1.594319]"
wgEncodeAwgTfbsSydhHelas3MaxIggrabUniPk,"[1.0616238, 1.4093924, 1.475606, 0.60428208, 1.4977155, 1.3508731, 1.3300339, 1.4840453, 1.5112634, 1.3945136, 1.2655569, 1.4260901, 1.4475045, 1.5437073, 1.6570146, 0.9777199]"
wgEncodeAwgTfbsSydhHelas3NfyaIggrabUniPk,"[1.3122464, 1.4785272, 0.97769219, 1.5852475, 0.79864007, 1.1973196, 1.5735129, 1.3418471, 1.7809561, 0.94115287, 1.6051908, 1.5920427, 1.3405106, 1.7330794, 1.0572066, 1.5416505]"
wgEncodeAwgTfbsSydhHelas3NfybIggrabUniPk,"[1.6704849, 1.2989949, 0.78747946, 1.5025644, 1.7925904, 1.1635367, 1.6641109, 1.3157578, 1.1227101, 1.6284255, 0.89965463, 0.90002704, 1.551445, 0.58898258, 1.2754281, 1.0362058]"
wgEncodeAwgTfbsSydhHelas3Nrf1IggmusUniPk,"[1.5799676, 1.7382022, 1.7120888, 1.5119355, 1.6106572, 1.5114517, 1.5783687, 1.1666929, 1.2159104, 1.5643625, 1.3543516, 1.7158813, 1.5511323, 1.4043061, 1.5105295, 1.5290291]"
wgEncodeAwgTfbsSydhHelas3Prdm19115IggrabUniPk,"[1.2233983, 1.1086416, 1.3574442, 1.6617049, 1.460452, 1.0575026, 1.4985156, 1.3571454, 0.89435339, 1.2949291, 1.4135504, 1.4364047, 1.5893363, 1.3028523, 1.0458798, 1.5183954]"
wgEncodeAwgTfbsSydhHelas3Rfx5200401194IggrabUniPk,"[1.480467, 1.2388768, 1.1580939, 1.0513638, 1.3443946, 1.6206596, 1.7328917, 1.5654095, 1.486686, 1.5736198, 1.5902344, 1.5951397, 1.2032886, 1.1858772, 1.4368817, 1.5404596]"
wgEncodeAwgTfbsSydhHelas3Stat1Ifng30UniPk,"[1.5870739, 1.7133566, 0.65438247, 0.63831145, 1.5277228, 1.6072708, 0.5533064, 1.5239367, 1.5562063, 1.6657633, 1.5106473, 1.8115276, 1.1414025, 1.3480041, 1.5807518, 1.5679208]"
wgEncodeAwgTfbsSydhHelas3Stat3IggrabUniPk,"[1.4773259, 0.52619815, 1.5010364, 1.6356568, 1.6447948, 1.3031147, 1.4718066, 1.2841214, 1.4098119, 1.5977551, 1.4406638, 1.5169439, 1.319303, 0.62848449, 1.4565201, 1.675595]"
wgEncodeAwgTfbsSydhHelas3TbpIggrabUniPk,"[1.463992, 1.6318911, 1.6706023, 0.8565625, 1.3356636, 1.5824285, 1.643327, 1.6212305, 1.4829751, 1.3148828, 1.7168336, 1.4508165, 1.5434544, 0.92174965, 1.6606468, 1.5074687]"
wgEncodeAwgTfbsSydhHelas3Tcf7l2UcdUniPk,"[1.5010803, 1.7200999, 1.4874669, 1.4227808, 1.4966936, 1.6621215, 1.7183212, 1.5356927, 1.3748889, 1.4151635, 1.5085384, 1.5771685, 0.92423332, 1.1242183, 1.4203744, 1.4352574]"
wgEncodeAwgTfbsSydhHelas3Tcf7l2c9b92565UcdUniPk,"[1.5409738, 1.5949893, 1.4842312, 1.3440269, 1.678197, 0.72290784, 1.5232644, 1.6362567, 1.4258058, 1.5173557, 1.2920816, 0.92754775, 1.0423958, 1.0434359, 1.2976373, 0.73541033]"
wgEncodeAwgTfbsSydhHelas3Tr4UniPk,"[1.6026736, 1.4633998, 1.6557975, 1.5825031, 1.6393301, 1.690033, 1.3781655, 1.2276956, 1.4481808, 1.6296269, 1.4767065, 1.6535478, 1.5424905, 1.8399994, 1.4925672, 1.5900203]"
wgEncodeAwgTfbsSydhHelas3Usf2IggmusUniPk,"[1.360292, 1.6325799, 1.5138701, 1.7398075, 0.59793156, 1.291657, 1.6572008, 1.7174431, 1.3533227, 1.7880894, 1.2318506, 1.3515826, 1.4641207, 1.6487498, 1.5503803, 1.6370251]"
wgEncodeAwgTfbsSydhHelas3Znf143IggrabUniPk,"[0.82288229, 1.557001, 0.94961202, 1.8122803, 1.568276, 1.7259424, 1.5252397, 1.5099168, 1.6070026, 1.1799768, 1.6537305, 1.5787445, 1.7172567, 1.4016207, 1.4746443, 1.4255718]"
wgEncodeAwgTfbsSydhHepg2Arid3anb100279IggrabUniPk,"[1.5318266, 1.5272304, 1.0512967, 1.3902508, 1.6852084, 0.62408119, 1.1508896, 1.3593124, 1.2759324, 1.285767, 1.2541811, 1.0544482, 1.2362528, 1.5026935, 0.60797817, 1.4799995]"
wgEncodeAwgTfbsSydhHepg2Bhlhe40cIggrabUniPk,"[0.80615568, 1.4642144, 1.3417114, 1.5134778, 1.4403214, 1.4439874, 1.394014, 1.5313942, 1.5367384, 1.4103888, 0.60396773, 1.6041293, 1.5060227, 1.6216415, 1.5556966, 1.6795299]"
wgEncodeAwgTfbsSydhHepg2CebpbForsklnUniPk,"[1.4242762, 0.79722023, 0.65254474, 1.4684139, 1.6169066, 0.78183675, 1.2671618, 1.6636529, 1.3130552, 1.6003479, 1.6075824, 1.6544684, 1.2278376, 1.588515, 1.2828958, 1.384268]"
wgEncodeAwgTfbsSydhHepg2CebpbIggrabUniPk,"[1.6280078, 1.3134047, 1.511568, 1.5086691, 1.279001, 1.3908145, 1.2823312, 0.4565635, 1.4051894, 0.98093033, 0.56319255, 0.71897691, 1.3264947, 1.3597761, 1.6745373, 1.2347398]"
wgEncodeAwgTfbsSydhHepg2CjunIggrabUniPk,"[1.6880612, 1.6410925, 1.3543715, 1.5134479, 1.4788661, 1.3327718, 0.67777854, 1.1035937, 1.6181042, 0.77098435, 1.6339411, 1.2756014, 1.0399584, 1.3858025, 1.277316, 1.619794]"
wgEncodeAwgTfbsSydhHepg2ErraForsklnUniPk,"[1.6246485, 1.2270806, 0.86649996, 1.5038407, 1.4636741, 1.3643811, 1.6213756, 1.678792, 1.328027, 1.5457001, 1.3348297, 1.723389, 1.7500614, 1.5184289, 1.6394774, 1.1708667]"
wgEncodeAwgTfbsSydhHepg2Grp20ForsklnUniPk,"[1.2181293, 1.3691119, 1.3254783, 1.2215239, 1.3742245, 1.3497258, 1.3222969, 1.1875228, 1.1401672, 1.4119529, 1.390515, 1.0984589, 1.2226357, 1.3145214, 1.2966434, 1.204193]"
wgEncodeAwgTfbsSydhHepg2Hnf4aForsklnUniPk,"[0.8385762, 1.5968318, 1.4826659, 1.8223647, 1.1210216, 1.6314826, 1.5526079, 1.4320505, 1.6480099, 1.5228587, 0.81519419, 1.7622682, 1.6584913, 1.5410565, 1.4938838, 0.86842996]"
wgEncodeAwgTfbsSydhHepg2Hsf1ForsklnUniPk,"[1.0550749, 1.2259684, 1.4116293, 1.5107455, 1.5186478, 1.3991518, 0.99106199, 1.2792641, 1.26406, 1.4019803, 1.4111835, 1.4605415, 1.379316, 1.6284461, 1.4643145, 1.4732976]"
wgEncodeAwgTfbsSydhHepg2JundIggrabUniPk,"[1.4494988, 1.5180178, 1.5596067, 0.63841259, 1.4160174, 1.2185287, 1.6085538, 1.5526793, 1.6688855, 1.557827, 1.1390924, 1.7916434, 1.1627454, 1.3297913, 1.4352335, 1.3719683]"
wgEncodeAwgTfbsSydhHepg2Maffm8194IggrabUniPk,"[1.3502568, 1.0561914, 1.1045794, 1.5434158, 1.6239536, 1.515577, 1.465336, 1.5243008, 0.64299041, 0.73173654, 1.3668834, 1.3800147, 1.3105031, 1.6558515, 1.5689495, 1.4426183]"
wgEncodeAwgTfbsSydhHepg2Mafkab50322IggrabUniPk,"[0.52021796, 1.7185571, 1.6907458, 1.5418094, 0.74921781, 1.4304838, 1.3645875, 1.5575939, 1.4900721, 1.6648532, 0.82772726, 1.5165055, 1.4907016, 0.9899652, 1.5178466, 0.89038527]"
wgEncodeAwgTfbsSydhHepg2Mafksc477IggrabUniPk,"[1.33814, 1.6058989, 1.3392259, 1.4953792, 1.3521714, 1.2324499, 1.2858146, 1.2160923, 1.0929658, 1.5160718, 0.56938088, 0.58214086, 1.5160414, 1.6579077, 1.20389, 0.51270205]"
wgEncodeAwgTfbsSydhHepg2MaxIggrabUniPk,"[1.6393619, 1.4257709, 0.79964364, 1.4722509, 1.5040256, 1.5811934, 0.52265584, 1.3642708, 1.8626263, 1.3339608, 1.4176236, 1.6534332, 1.4523445, 1.5585538, 1.6286445, 1.5309727]"
wgEncodeAwgTfbsSydhHepg2Nrf1IggrabUniPk,"[1.2905077, 1.1691017, 1.4344392, 1.4042445, 1.621967, 1.4958459, 1.3803612, 1.6111329, 1.7421274, 1.7637753, 1.6435355, 1.4987215, 1.4936512, 1.7736224, 1.6250442, 1.5633119]"
wgEncodeAwgTfbsSydhHepg2Rfx5200401194IggrabUniPk,"[1.572021, 1.309585, 1.3770022, 1.5673679, 1.2962052, 1.3260255, 1.249227, 1.6701742, 1.6700623, 1.060222, 0.96433312, 1.50439, 1.1553725, 1.3790216, 1.5778289, 1.3153533]"
wgEncodeAwgTfbsSydhHepg2Srebp1InslnUniPk,"[1.2795438, 0.92895025, 1.5926769, 1.7307893, 1.6749353, 1.4373436, 1.6949881, 1.6087493, 1.5123409, 1.2573172, 1.2470117, 1.4322143, 0.85272372, 0.91255277, 1.5564963, 1.5176272]"
wgEncodeAwgTfbsSydhHepg2TbpIggrabUniPk,"[1.4007378, 1.4622666, 0.74567842, 1.359447, 1.6980786, 1.6905527, 1.7365712, 1.3526027, 0.81115037, 1.4995551, 1.3518604, 1.7581744, 0.99313855, 1.296667, 1.6426295, 1.3755149]"
wgEncodeAwgTfbsSydhHepg2Tcf7l2UcdUniPk,"[0.79737008, 1.7524273, 1.5033619, 0.88026446, 1.547648, 1.6017452, 1.7772096, 0.75905961, 1.857673, 1.7017605, 1.7602142, 1.5769699, 1.0468369, 1.2795324, 1.6939486, 1.4639055]"
wgEncodeAwgTfbsSydhHepg2Tr4UcdUniPk,"[1.5229597, 1.4974993, 1.6058558, 1.5034249, 1.5647705, 1.3749341, 1.410226, 1.5668873, 1.4152298, 1.4889154, 1.6928058, 1.6913016, 1.3756461, 1.5029869, 1.6507697, 1.6882432]"
wgEncodeAwgTfbsSydhHepg2Usf2IggrabUniPk,"[1.6154335, 1.601146, 1.4899265, 1.8382508, 1.5360229, 0.67615843, 1.3112383, 1.1142216, 1.3526168, 1.5637271, 1.413425, 0.9079091, 1.4776661, 1.5408019, 1.6447744, 1.5313269]"
wgEncodeAwgTfbsSydhHuvecCfosUcdUniPk,"[1.4598687, 1.2060469, 0.55293363, 1.3323082, 1.4644401, 1.5455496, 1.5899905, 0.78449935, 0.70363069, 1.1811419, 1.2397059, 1.5669452, 1.5492234, 1.6437831, 1.3342252, 1.2152463]"
wgEncodeAwgTfbsSydhHuvecCjunUniPk,"[1.2805895, 1.3433276, 1.4008015, 1.4731401, 1.5603868, 1.1690505, 1.1622986, 1.6206734, 1.4671386, 0.59869885, 1.6150253, 1.5699186, 1.5542691, 0.61337316, 1.5672815, 1.2222737]"
wgEncodeAwgTfbsSydhHuvecGata2UcdUniPk,"[1.2478139, 0.48047203, 1.7168616, 1.3585767, 1.6062024, 1.7963481, 1.4367832, 1.1739298, 0.54093665, 1.0967488, 1.6661226, 1.6431395, 1.0502985, 1.3678763, 1.2396215, 1.5683652]"
wgEncodeAwgTfbsSydhHuvecMaxUniPk,"[0.71710479, 1.4659024, 1.4007117, 1.380748, 1.030773, 1.5654995, 1.4103191, 0.70011789, 1.3758295, 0.57864851, 1.381333, 1.4076205, 1.7038982, 1.7885759, 1.2930839, 1.4973035]"
wgEncodeAwgTfbsSydhImr90CebpbIggrabUniPk,"[1.4952345, 0.63171202, 0.73440313, 1.5462695, 1.4258966, 1.3509605, 0.72484529, 1.3054854, 1.4495865, 1.415416, 1.4614651, 1.2960719, 1.1016442, 1.2774748, 1.5161906, 1.6233957]"
wgEncodeAwgTfbsSydhImr90CtcfbIggrabUniPk,"[0.90585762, 0.89549655, 1.5510532, 1.3743386, 1.3758719, 1.632954, 1.2480613, 1.5219852, 1.2234741, 1.5566901, 1.6570756, 1.5243438, 1.6693805, 1.2694756, 1.6031582, 0.92564225]"
wgEncodeAwgTfbsSydhImr90MafkIggrabUniPk,"[1.1307753, 1.6210186, 1.825369, 0.61733377, 1.5683951, 1.4276923, 1.5572226, 1.3029583, 1.4328177, 0.61867803, 1.4733406, 1.545011, 1.3683143, 1.5746696, 0.6103211, 0.99241364]"
wgEncodeAwgTfbsSydhK562Arid3asc8821IggrabUniPk,"[0.69222099, 1.219124, 1.2898713, 1.6041011, 1.6520289, 1.6762048, 1.8202338, 1.4949187, 1.5825107, 1.5283978, 1.5269238, 1.6544824, 1.6387625, 1.4248915, 1.5434623, 1.5474386]"
wgEncodeAwgTfbsSydhK562Atf106325UniPk,"[1.3688631, 1.5097287, 1.5165427, 1.6918036, 1.5734738, 1.4298493, 1.600647, 1.6195058, 1.7850097, 1.6063046, 1.4030911, 1.1478297, 1.4556383, 1.4547715, 0.84326422, 0.68004006]"
wgEncodeAwgTfbsSydhK562Atf3UniPk,"[1.5753058, 1.708518, 1.4456021, 1.3569332, 1.7113587, 1.3936822, 1.4738884, 1.4911456, 1.2488767, 1.2610455, 1.2998232, 1.0299655, 1.4007083, 1.7263237, 1.6445746, 1.4098958]"
wgEncodeAwgTfbsSydhK562Bach1sc14700IggrabUniPk,"[1.6933388, 1.1524101, 1.1796227, 1.6107659, 0.80581564, 1.3048849, 1.3544648, 1.2973049, 1.5695628, 1.6253546, 1.6342827, 1.3016562, 1.553846, 1.4574106, 1.5812523, 1.7171158]"
wgEncodeAwgTfbsSydhK562Bhlhe40nb100IggrabUniPk,"[1.5581092, 1.622704, 1.585543, 1.7042404, 1.4807717, 1.3166308, 1.4775604, 1.0476238, 1.1487043, 1.477964, 1.4085627, 0.5201503, 1.8563517, 1.53413, 1.6048007, 1.4944615]"
wgEncodeAwgTfbsSydhK562CebpbIggrabUniPk,"[1.3853204, 1.3533227, 0.57461512, 1.6462456, 1.5535846, 1.5360708, 1.5700476, 1.4586563, 1.3894271, 0.76765096, 1.0426588, 1.6543405, 1.4797946, 1.5669061, 1.4773561, 1.207665]"
wgEncodeAwgTfbsSydhK562CfosUniPk,"[1.63835, 1.6858248, 1.4087247, 1.5133595, 0.86146826, 1.3057473, 1.3709769, 0.6511904, 1.5467447, 1.4025341, 1.4389606, 1.5499457, 1.3923373, 1.6948869, 1.4750419, 1.5776535]"
wgEncodeAwgTfbsSydhK562CjunIfna30UniPk,"[0.71338117, 1.5007143, 1.1029204, 1.4763812, 1.4279441, 1.3323526, 1.6689111, 1.4598929, 1.6257552, 0.61805564, 1.2051976, 1.7017039, 1.4344776, 1.726701, 1.378788, 1.5912874]"
wgEncodeAwgTfbsSydhK562CjunIfna6hUniPk,"[1.1460136, 1.4255985, 1.6464517, 1.3194168, 1.3973422, 1.6084027, 1.6741377, 1.5356938, 1.6114463, 1.2643906, 1.0635749, 1.3854456, 1.5151645, 0.81353998, 1.3957, 1.4954171]"
wgEncodeAwgTfbsSydhK562CjunIfng30UniPk,"[1.7378049, 1.6880034, 1.5427775, 1.827457, 1.6833185, 1.728888, 1.5795472, 1.4607846, 0.66665667, 1.5225761, 1.2265973, 1.0712858, 1.5391558, 0.59702188, 1.2242999, 1.6556011]"
wgEncodeAwgTfbsSydhK562CjunIfng6hUniPk,"[1.0587707, 1.6353314, 1.8564703, 1.7020961, 1.7424699, 1.3673658, 1.6074882, 1.5794504, 1.152393, 1.4539251, 1.6773016, 1.7037773, 1.6104879, 1.7193805, 0.5859704, 1.4048736]"
wgEncodeAwgTfbsSydhK562CjunUniPk,"[1.365447, 1.1045699, 1.7471122, 0.98998153, 0.75787145, 1.547365, 0.66294646, 1.7142155, 1.637527, 1.5953431, 1.1834781, 1.5259192, 1.4916224, 1.6973953, 1.5636809, 0.80724502]"
wgEncodeAwgTfbsSydhK562CmycIfna30UniPk,"[0.8184278, 1.5016699, 1.3839017, 0.71293753, 1.5584521, 0.59089297, 1.4878751, 1.5423915, 1.5317742, 1.5006672, 1.695647, 1.5617781, 1.4883708, 1.5921097, 1.4900366, 1.4070455]"
wgEncodeAwgTfbsSydhK562CmycIfna6hUniPk,"[1.5024039, 0.96205872, 0.91544646, 1.6237915, 1.4221244, 1.3725432, 1.2592766, 1.0183676, 1.5120718, 0.83312124, 1.4503018, 1.2321776, 1.46193, 0.66484934, 1.5493665, 1.6101396]"
wgEncodeAwgTfbsSydhK562CmycIfng30UniPk,"[0.66940361, 1.5699314, 1.7176791, 1.5791342, 1.4656159, 1.7617636, 1.7617345, 1.6999087, 1.6053156, 1.2668818, 1.5401894, 1.3545614, 1.5772778, 1.395357, 1.459129, 0.70495528]"
wgEncodeAwgTfbsSydhK562CmycIfng6hUniPk,"[1.4054526, 0.56816912, 1.4551189, 1.4456002, 1.4453986, 1.4106222, 1.4558289, 1.4040927, 1.5759475, 1.3654915, 0.73876435, 1.7463257, 1.4460903, 1.6481792, 1.3643074, 1.7740564]"
wgEncodeAwgTfbsSydhK562CmycIggrabUniPk,"[1.4752051, 1.4728172, 1.5493383, 1.350738, 0.97283345, 1.1385057, 0.63512826, 1.4889526, 1.6006629, 0.56009907, 1.6702378, 1.3770059, 1.4939363, 1.4247088, 1.1554646, 1.5619181]"
wgEncodeAwgTfbsSydhK562CmycUniPk,"[1.5085388, 1.7326126, 0.58678752, 1.6804266, 1.1470311, 0.82796884, 1.2855792, 1.3221829, 1.3990175, 1.4965472, 1.4651167, 1.6805209, 1.5723912, 1.4653373, 1.7329934, 1.5817593]"
wgEncodeAwgTfbsSydhK562CtcfbIggrabUniPk,"[1.1930766, 1.3409855, 1.4632684, 1.5255259, 1.1015476, 1.602428, 0.87714422, 1.7741559, 1.4006407, 1.2291961, 1.4007399, 1.0766412, 1.3681793, 1.2631764, 1.3901559, 0.5720917]"
wgEncodeAwgTfbsSydhK562E2f4UcdUniPk,"[1.3091816, 1.525022, 1.3602773, 1.6630492, 1.2893704, 1.3459324, 1.3364578, 1.434695, 1.2098365, 1.1170268, 1.1879312, 1.4557899, 1.419456, 1.3917524, 1.3189715, 1.3350929]"
wgEncodeAwgTfbsSydhK562E2f6UcdUniPk,"[0.62931436, 1.3539652, 1.2429761, 1.3555287, 1.4769768, 1.3855361, 0.92056406, 1.3413166, 0.65248609, 0.99601144, 1.2906452, 1.6594428, 1.3566512, 1.4974686, 1.3663402, 0.86434984]"
wgEncodeAwgTfbsSydhK562Elk112771IggrabUniPk,"[1.6147493, 1.5913284, 1.6355957, 1.2003576, 1.5477277, 1.5802978, 1.6580828, 1.688337, 1.3000426, 1.3985448, 0.87093443, 0.72044241, 1.6561879, 1.3294333, 1.3786721, 1.5979514]"
wgEncodeAwgTfbsSydhK562Gata1UcdUniPk,"[1.4345299, 1.46472, 1.6822087, 1.4997087, 1.6217712, 0.79289544, 1.75188, 1.6988845, 0.9556253, 1.3343555, 1.5360941, 1.0731604, 1.6458299, 1.5616634, 1.6239945, 1.6184386]"
wgEncodeAwgTfbsSydhK562Gata2UcdUniPk,"[1.6258521, 1.4462302, 1.2320598, 0.55758345, 1.1889839, 0.56309491, 1.656445, 0.91283494, 1.4924011, 1.200739, 1.8341951, 1.6470237, 1.7842714, 1.6707934, 1.1413971, 1.6540017]"
wgEncodeAwgTfbsSydhK562Irf1Ifna30UniPk,"[1.5608276, 1.579075, 1.0440868, 1.4719054, 1.7095261, 1.197932, 1.5511475, 1.4992776, 1.5679808, 1.3164535, 1.6294822, 1.6312252, 1.6237016, 1.3203151, 1.6090411, 1.381577]"
wgEncodeAwgTfbsSydhK562Irf1Ifna6hUniPk,"[1.610222, 1.4433908, 1.530175, 1.2709683, 1.3288649, 1.4668449, 1.7910035, 1.1347804, 1.0554239, 1.3634015, 1.538996, 1.3775258, 1.5162244, 1.5521998, 1.4925963, 1.2476647]"
wgEncodeAwgTfbsSydhK562Irf1Ifng30UniPk,"[1.3467861, 1.5506852, 1.3116537, 1.0189693, 1.1760607, 1.3650585, 1.5421324, 1.606035, 1.5317886, 1.6138691, 1.5949076, 0.96608841, 1.5536909, 1.4678806, 0.91739678, 1.500695]"
wgEncodeAwgTfbsSydhK562Irf1Ifng6hUniPk,"[1.3757243, 1.5953393, 1.6010324, 1.5973355, 1.0827401, 1.5088239, 1.6450546, 1.4295337, 1.5487944, 1.6099812, 1.0549282, 1.2076226, 1.6520972, 1.3412122, 1.5477318, 1.3308241]"
wgEncodeAwgTfbsSydhK562JundIggrabUniPk,"[0.90919226, 0.98271745, 1.7868543, 1.3185467, 1.6241043, 1.281472, 1.76271, 1.3585244, 0.71983409, 1.6355344, 1.5900095, 1.6064221, 1.5763279, 1.7484746, 1.4602951, 1.2200444]"
wgEncodeAwgTfbsSydhK562MaffIggrabUniPk,"[1.5058491, 1.5631164, 0.86512899, 1.592976, 1.4175001, 1.4302367, 1.2291503, 1.5934848, 1.6139474, 1.4919096, 1.7430587, 0.62511289, 1.3568487, 1.3628579, 0.89372748, 1.4789433]"
wgEncodeAwgTfbsSydhK562Mafkab50322IggrabUniPk,"[0.5569272, 1.421728, 1.3240465, 1.1795716, 1.1442575, 1.4205164, 1.4993541, 1.4360957, 0.74991119, 1.5209818, 1.1024553, 1.432886, 1.5513649, 1.0617851, 1.4013714, 1.6894631]"
wgEncodeAwgTfbsSydhK562MaxIggrabUniPk,"[1.4709258, 0.88586402, 1.3552976, 1.667116, 1.4014375, 1.3808465, 0.82059187, 1.2232482, 1.5163556, 1.5707637, 1.3823454, 1.431288, 1.6542161, 0.52651441, 1.3083496, 1.439953]"
wgEncodeAwgTfbsSydhK562Nfe2UniPk,"[1.0637809, 1.676965, 1.0886339, 1.5199431, 1.242295, 1.3739685, 1.7722466, 1.3213898, 1.3650038, 1.7148154, 1.2921894, 0.89466494, 0.91342652, 1.217043, 1.5421906, 1.6507951]"
wgEncodeAwgTfbsSydhK562NfyaUniPk,"[1.3063583, 1.1265473, 1.6390452, 1.607489, 1.2457315, 1.1553832, 1.3810544, 1.794434, 1.5291601, 1.6167036, 1.5860857, 1.5411719, 1.5850469, 1.5759921, 1.0889859, 1.7518939]"
wgEncodeAwgTfbsSydhK562NfybUniPk,"[1.3694785, 1.7830523, 1.0849166, 1.5305848, 1.6679277, 1.7132058, 1.3118939, 1.7205104, 1.0007343, 1.8338771, 1.4003305, 1.2329209, 1.6392843, 1.6929091, 0.668275, 0.84084815]"
wgEncodeAwgTfbsSydhK562Nrf1IggrabUniPk,"[1.6366298, 1.1902721, 1.4837008, 1.5541767, 1.4125109, 1.6596823, 1.3019878, 1.4579352, 1.1580086, 1.6427377, 1.2698593, 1.5444623, 1.4968753, 1.5988506, 1.08242, 1.6880533]"
wgEncodeAwgTfbsSydhK562Rfx5IggrabUniPk,"[1.4270374, 1.4682027, 1.488417, 1.5592877, 1.670786, 1.6201419, 1.1936376, 0.99963462, 1.4323013, 1.3788244, 1.4765297, 1.236719, 1.2898194, 1.3286526, 1.2522411, 1.3591989]"
wgEncodeAwgTfbsSydhK562Stat1Ifna30UniPk,"[1.510677, 1.6420684, 1.57546, 1.6701417, 1.7851022, 1.709089, 0.83369398, 1.2187152, 1.6202122, 0.99204808, 1.730168, 1.5421962, 1.5300905, 1.5720426, 1.4897014, 1.5471851]"
wgEncodeAwgTfbsSydhK562Stat1Ifna6hUniPk,"[1.5124089, 1.5711772, 1.4584339, 1.4517728, 1.3556689, 1.3670487, 1.5816922, 1.5828687, 1.4191998, 1.0896496, 1.4221133, 1.2330718, 1.322618, 1.2834533, 0.93626404, 1.47104]"
wgEncodeAwgTfbsSydhK562Stat1Ifng30UniPk,"[1.5003124, 1.3959727, 1.3081914, 1.6357046, 1.6188884, 1.4679091, 1.5840532, 1.5697671, 1.6296284, 0.84037697, 1.4534068, 0.99056333, 1.5951556, 1.2996427, 1.2712827, 1.5282946]"
wgEncodeAwgTfbsSydhK562Stat1Ifng6hUniPk,"[1.3412122, 1.6095661, 1.5331954, 1.5476762, 1.6628002, 1.3769772, 1.5356625, 1.7777079, 1.2667605, 1.4458859, 1.3729661, 1.4538187, 0.85660249, 0.8091408, 0.92482793, 1.3923225]"
wgEncodeAwgTfbsSydhK562TbpIggmusUniPk,"[1.4845349, 0.99198371, 1.4417937, 0.85527527, 1.2587783, 0.75987786, 1.335912, 1.6444281, 1.5245813, 1.0808121, 1.5030236, 1.519372, 1.4134707, 1.4706138, 1.2423528, 1.4658502]"
wgEncodeAwgTfbsSydhK562Tr4UcdUniPk,"[1.3255303, 1.6473199, 1.455842, 1.5454688, 1.5756104, 1.7000941, 1.1964285, 1.3941607, 1.6654452, 0.91933769, 1.2819355, 1.562264, 1.6079289, 1.2566848, 0.98467696, 1.6724046]"
wgEncodeAwgTfbsSydhK562Usf2IggrabUniPk,"[1.4783695, 1.6681741, 1.3636503, 0.91499484, 1.6803606, 1.3651348, 1.0239559, 1.397867, 1.6298001, 1.4379309, 1.2817117, 1.5819261, 1.5742432, 1.4606462, 1.1528103, 1.2882346]"
wgEncodeAwgTfbsSydhK562Yy1UcdUniPk,"[1.5563241, 1.7092137, 0.96078295, 1.4635911, 1.8045416, 1.6167493, 1.8145633, 1.4066793, 1.3094001, 1.4916735, 1.4390321, 1.6345536, 1.4077393, 0.90777588, 1.6297159, 1.6673208]"
wgEncodeAwgTfbsSydhK562Znf143IggrabUniPk,"[1.426819, 1.6873339, 1.3855869, 1.0661336, 0.95982569, 1.5308936, 1.2890624, 1.7239773, 0.93521953, 1.4238588, 1.5633104, 1.6796151, 1.5706277, 1.3942665, 1.4945097, 1.6453952]"
wgEncodeAwgTfbsSydhK562Znf263UcdUniPk,"[1.1702819, 1.3385218, 1.3093901, 1.2865174, 1.6178796, 1.6142211, 1.5839534, 1.0929455, 1.341495, 1.3651035, 1.6101289, 1.4256989, 1.4255152, 1.7096815, 1.6898835, 1.5561917]"
wgEncodeAwgTfbsSydhMcf10aesCfosEtoh01HvdUniPk,"[1.2020447, 1.4707849, 1.4078549, 1.1643229, 0.487028, 1.4355028, 1.230117, 1.4665576, 1.4490743, 1.3891635, 1.4102795, 1.5278134, 0.42027831, 1.4055459, 1.5341915, 1.5784763]"
wgEncodeAwgTfbsSydhMcf10aesCfosTam112hHvdUniPk,"[1.3963914, 0.49627084, 1.5432389, 1.1719544, 0.74189723, 1.4751552, 1.1877669, 1.4982241, 1.1802245, 0.93857515, 1.5520833, 1.0602553, 1.0841023, 1.3461902, 1.4449263, 1.1863618]"
wgEncodeAwgTfbsSydhMcf10aesCfosTam14hHvdUniPk,"[0.70087236, 1.6576172, 1.4886853, 1.4355932, 1.5672476, 1.0803649, 1.6095866, 1.1799306, 1.1416049, 0.55725348, 0.75835061, 0.63059545, 1.4714845, 0.56040806, 1.6195148, 1.5331755]"
wgEncodeAwgTfbsSydhMcf10aesCfosTamHvdUniPk,"[1.4163083, 0.5806073, 1.1652867, 1.5544547, 1.3891551, 1.0754755, 1.2439857, 1.385114, 1.1973324, 1.4838097, 0.56564194, 0.45756868, 1.5715132, 1.5032848, 1.551422, 1.5889502]"
wgEncodeAwgTfbsSydhMcf10aesCmycEtoh01HvdUniPk,"[0.61050475, 0.81679779, 0.62285256, 1.4775684, 1.4288645, 1.6023462, 1.4772321, 0.76383781, 1.497568, 1.6098169, 1.6206145, 1.6000839, 1.5131621, 1.5875125, 1.5454962, 1.1977993]"
wgEncodeAwgTfbsSydhMcf10aesCmycTam14hHvdUniPk,"[1.3813347, 1.4724591, 1.6283017, 1.4163812, 1.4419014, 0.71149516, 1.5162195, 1.5328381, 0.80900544, 1.4536204, 1.4027514, 1.3517531, 0.86874926, 1.3887091, 0.57471097, 1.5460637]"
wgEncodeAwgTfbsSydhMcf10aesE2f4TamHvdUniPk,"[0.72255969, 1.3251357, 1.1431531, 1.5862117, 1.4503452, 1.5349221, 0.60066193, 1.1073484, 1.5024421, 1.290795, 1.0248916, 1.3972342, 1.6719753, 1.4688351, 1.2085884, 1.5656862]"
wgEncodeAwgTfbsSydhMcf10aesStat3Etoh01UniPk,"[0.52419168, 1.6215982, 1.6059347, 1.3250809, 1.6936386, 1.409837, 1.63388, 1.3608192, 1.4492288, 1.694662, 1.4924375, 1.3078998, 1.2508531, 1.4986105, 1.3210481, 0.48670518]"
wgEncodeAwgTfbsSydhMcf10aesStat3Etoh01bUniPk,"[1.4023407, 0.49990037, 1.5287998, 1.4940702, 1.605388, 1.3483725, 1.1878349, 1.5643026, 1.2358558, 1.1562915, 1.4571044, 0.94182587, 1.3310952, 0.61620247, 1.1475806, 1.5939057]"
wgEncodeAwgTfbsSydhMcf10aesStat3Etoh01cUniPk,"[1.4308389, 1.5589305, 1.4511933, 1.3128386, 0.52699673, 1.545791, 1.0137849, 1.4952469, 1.7109327, 1.29747, 1.1556599, 1.4785233, 1.2833039, 1.523905, 0.43473843, 0.91696829]"
wgEncodeAwgTfbsSydhMcf10aesStat3Tam112hHvdUniPk,"[1.3431209, 1.2398345, 1.5396624, 1.5899304, 1.4628109, 0.59279937, 1.1900268, 1.4993118, 1.3295752, 0.52642423, 0.62262839, 1.227825, 1.2785532, 1.2569911, 1.4537741, 1.744863]"
wgEncodeAwgTfbsSydhMcf10aesStat3TamUniPk,"[1.0925134, 0.81480545, 1.2012857, 1.4209126, 1.6579454, 1.2041727, 1.5074182, 1.6352878, 1.1349491, 1.2697796, 1.4035128, 0.54651743, 1.4745035, 0.5698058, 1.4594641, 1.487242]"
wgEncodeAwgTfbsSydhMcf7Gata3UcdUniPk,"[1.6032398, 0.74593252, 1.6421765, 1.7111175, 1.4528999, 1.5607322, 0.63013041, 1.3367134, 1.5381988, 1.7196209, 1.4891019, 1.7088438, 1.5187302, 1.4408389, 1.3021073, 0.94086039]"
wgEncodeAwgTfbsSydhMcf7Gata3sc269UcdUniPk,"[1.5152301, 1.4429059, 1.5194771, 1.6047519, 1.1571954, 1.2505507, 1.7077657, 1.4025493, 1.4282969, 1.3037032, 1.4166043, 1.7384174, 0.67330986, 1.6889671, 1.4539876, 0.65336961]"
wgEncodeAwgTfbsSydhMcf7Hae2f1UcdUniPk,"[1.2699467, 1.6621267, 1.3279866, 0.57903296, 1.6747931, 1.6309078, 1.6728994, 1.6411145, 1.6133657, 1.3645835, 1.5908868, 1.5655618, 1.3194189, 1.5151707, 1.4960171, 1.7563434]"
wgEncodeAwgTfbsSydhMcf7Tcf7l2UcdUniPk,"[1.6284534, 0.86519843, 1.7899318, 0.68077445, 1.5294089, 1.5782007, 1.6010143, 1.699057, 1.6373399, 1.5026126, 1.3493664, 1.4396063, 1.6324292, 1.6195892, 1.5916866, 1.3945594]"
wgEncodeAwgTfbsSydhNb4CmycUniPk,"[1.5862517, 1.3990951, 0.60972559, 1.5262208, 0.59403735, 1.4532235, 1.524614, 1.550674, 1.5311065, 1.6308898, 1.5916815, 1.4597446, 1.3774387, 1.4624112, 0.80316818, 1.3090402]"
wgEncodeAwgTfbsSydhNb4MaxUniPk,"[1.566684, 1.3916072, 1.1360004, 1.2185978, 1.3488176, 1.7232809, 1.4884552, 1.5425367, 1.459597, 1.4155403, 1.1179279, 0.57781845, 1.6143467, 1.6021961, 1.6256688, 1.2330776]"
wgEncodeAwgTfbsSydhNt2d1Yy1UcdUniPk,"[1.2515488, 0.69718444, 1.5661323, 1.7218362, 1.7059965, 1.6473382, 1.2046183, 1.1088701, 1.723985, 1.4309697, 1.2123953, 1.292251, 1.6142114, 1.683323, 1.8297822, 0.59732622]"
wgEncodeAwgTfbsSydhPanc1Tcf7l2UcdUniPk,"[1.544431, 0.67035049, 1.6579775, 1.5910913, 1.4723587, 1.6568592, 1.5311733, 1.3837707, 1.5731626, 1.6300864, 1.5789371, 1.0944467, 0.67123812, 1.5181311, 1.5821069, 1.1268178]"
wgEncodeAwgTfbsSydhPbdeGata1UcdUniPk,"[1.3612665, 0.9226135, 0.68157142, 1.4868449, 0.47479627, 1.3984658, 1.7397978, 1.3252289, 1.5788965, 1.244105, 1.2463369, 0.93477041, 1.5855911, 1.0111337, 1.5191728, 1.6077962]"
wgEncodeAwgTfbsSydhPbdefetalGata1UcdUniPk,"[1.1859089, 1.2663333, 1.5422487, 0.87749046, 1.5405775, 1.5374494, 1.5208286, 1.4022235, 1.5694678, 1.6120105, 1.4981493, 1.5065482, 1.5242245, 1.5122097, 1.1047931, 1.4509131]"
wgEncodeAwgTfbsSydhShsy5yGata2UcdUniPk,"[1.4329687, 1.5731323, 1.6223675, 0.5421297, 1.4313322, 0.44876689, 1.2866102, 1.6202142, 1.5310422, 1.2649704, 1.634696, 1.5133922, 1.5925311, 1.7674505, 1.8326128, 1.4904808]"
wgEncodeAwgTfbsSydhShsy5yGata3sc269sc269UcdUniPk,"[1.5972804, 0.67026705, 1.4212183, 1.5937349, 1.5418326, 1.6914712, 1.5108594, 1.4815539, 1.1734241, 1.5484118, 1.1560761, 0.60449463, 1.3594558, 0.67062622, 1.5244998, 1.3625803]"
wgEncodeAwgTfbsUchicagoK562EfosUniPk,"[1.5956339, 1.7192972, 0.73398215, 1.2679518, 1.3443373, 1.3388197, 1.6509409, 1.7592446, 1.4508671, 1.4529254, 1.2929996, 0.97907984, 1.4402102, 1.4125766, 1.1961703, 1.1023523]"
wgEncodeAwgTfbsUchicagoK562Egata2UniPk,"[1.3971003, 1.4401808, 1.5137269, 1.783789, 1.5505928, 1.6177102, 1.4070472, 1.3413444, 0.7518084, 1.5403755, 0.58654708, 1.44134, 1.7203217, 1.59516, 1.4333599, 1.4384732]"
wgEncodeAwgTfbsUchicagoK562EjunbUniPk,"[1.4235481, 1.633709, 0.76710218, 1.4988147, 0.76622272, 1.4425795, 0.7537533, 1.4718753, 1.4535831, 0.68498063, 1.5273317, 1.4006466, 1.5456271, 0.71032202, 1.5805118, 1.5051508]"
wgEncodeAwgTfbsUchicagoK562EjundUniPk,"[1.5582283, 1.7029248, 1.593681, 1.4827552, 1.533511, 1.1647561, 1.8464721, 1.4314831, 1.5474724, 1.5757214, 1.4402721, 0.54321176, 1.6456208, 1.246773, 0.64761841, 1.230103]"
wgEncodeAwgTfbsUtaA549CtcfUniPk,"[1.3098886, 1.498889, 1.1746259, 0.94155699, 1.3533705, 1.4975778, 1.3655386, 0.71227914, 1.3021884, 1.5302426, 0.74682724, 1.4001245, 1.2486451, 1.2027678, 1.3051497, 1.3284456]"
wgEncodeAwgTfbsUtaFibroblCtcfUniPk,"[1.7105182, 1.4090766, 0.68172395, 1.5533881, 1.6745607, 1.3987432, 1.2733887, 0.73389208, 1.4438808, 0.87866449, 1.4461541, 1.4519404, 1.6041839, 1.5070366, 1.2653444, 1.3384862]"
wgEncodeAwgTfbsUtaGlioblaCtcfUniPk,"[1.6310235, 0.86896247, 1.4852468, 1.5220594, 1.4573724, 1.218668, 1.6169521, 1.557277, 1.4529061, 1.3653053, 0.75007331, 1.641341, 1.3649457, 1.4912475, 0.5752036, 1.3885609]"
wgEncodeAwgTfbsUtaGm12878CmycUniPk,"[1.0447249, 1.468223, 1.1937957, 1.5804336, 1.6302278, 1.5909289, 1.6518729, 1.4192777, 1.2924522, 1.4181366, 1.5383427, 1.5830764, 1.3913367, 0.79425204, 1.567569, 1.4278991]"
wgEncodeAwgTfbsUtaGm12878CtcfUniPk,"[1.5097564, 1.5817665, 1.2104897, 0.85704345, 1.4651865, 1.4882839, 1.3591008, 1.6126579, 1.4743799, 1.0903406, 1.550217, 1.1159348, 1.360787, 1.3558458, 1.6669766, 0.71379417]"
wgEncodeAwgTfbsUtaGm12891CtcfUniPk,"[1.3460906, 1.4044513, 0.62097967, 1.5729599, 1.149261, 1.4673414, 1.290349, 1.1200856, 1.6154519, 1.5236096, 0.4804728, 1.4774044, 1.2950975, 1.3847785, 1.5504947, 1.1292324]"
wgEncodeAwgTfbsUtaGm12892CtcfUniPk,"[1.4525813, 1.3222023, 1.561874, 1.0111842, 1.5135061, 1.2401555, 1.5250316, 0.53254539, 1.4441354, 1.4881443, 1.3351749, 1.2840289, 1.5445558, 1.6187155, 1.6482908, 0.70459646]"
wgEncodeAwgTfbsUtaGm19238CtcfUniPk,"[1.11124, 1.566947, 0.85629165, 1.7038974, 1.0702751, 1.0797266, 1.3800507, 1.1188991, 1.3806386, 1.6214846, 1.2541461, 1.5626535, 1.0810289, 1.5144103, 1.7633058, 1.7391971]"
wgEncodeAwgTfbsUtaGm19239CtcfUniPk,"[1.2584598, 0.52387518, 0.86362261, 1.5664544, 1.4019907, 1.4356139, 1.6105969, 1.5854814, 1.6924323, 1.4963696, 1.3613369, 1.4728496, 1.4883877, 1.3814065, 1.4324234, 1.4845146]"
wgEncodeAwgTfbsUtaGm19240CtcfUniPk,"[1.3437473, 0.61929685, 1.4287943, 1.5218277, 1.3730385, 1.2297975, 0.98449355, 1.4995402, 1.3885318, 0.79048699, 1.1222078, 1.5528547, 1.3894523, 1.3407861, 1.0940793, 1.3871115]"
wgEncodeAwgTfbsUtaH1hescCmycUniPk,"[1.6925551, 1.4556146, 1.2386408, 1.3566519, 1.4630935, 1.3564236, 1.6546798, 1.6276926, 1.4616812, 0.73465627, 1.7131659, 1.7235652, 1.5675701, 1.1829331, 1.6040292, 1.5765119]"
wgEncodeAwgTfbsUtaH1hescCtcfUniPk,"[1.5795474, 1.458871, 0.74440646, 0.78088647, 1.5161639, 1.0843492, 1.3888593, 1.3436962, 1.5520759, 1.5739173, 1.2762123, 1.0254886, 1.3797061, 1.303694, 1.0888224, 1.3266019]"
wgEncodeAwgTfbsUtaHelas3CmycUniPk,"[1.1342089, 1.5213351, 1.3886372, 1.4918057, 1.2421684, 1.3828775, 1.80922, 1.2405498, 1.0490131, 1.6219876, 1.144316, 0.88041443, 1.0594146, 1.2555445, 1.0914687, 0.86356652]"
wgEncodeAwgTfbsUtaHelas3CtcfUniPk,"[1.6033096, 0.73957723, 1.2774038, 1.4713534, 1.3237094, 1.5313066, 0.92586792, 1.6531891, 1.0350885, 1.3310651, 1.6355214, 1.4870416, 0.85115534, 1.4504443, 1.4106625, 0.85040206]"
wgEncodeAwgTfbsUtaHepg2CmycUniPk,"[0.88692397, 1.5076625, 1.5332465, 1.707307, 0.66647905, 0.83777338, 1.3035278, 1.5344273, 1.0126213, 1.7548641, 1.7550601, 1.7672284, 1.1875041, 1.48247, 1.5188931, 1.4867421]"
wgEncodeAwgTfbsUtaHepg2CtcfUniPk,"[1.4883239, 0.63298625, 1.4451721, 1.0308517, 1.389514, 1.3516966, 1.4452744, 1.4761817, 1.409814, 1.1315472, 0.82585317, 1.6715155, 1.3838854, 1.4020767, 1.4715909, 1.3717879]"
wgEncodeAwgTfbsUtaHuvecCmycUniPk,"[1.7189468, 1.6716155, 1.4969672, 1.6030421, 1.4627842, 0.9444803, 1.4853623, 0.72197729, 1.5381873, 1.6738662, 1.7211615, 1.7315764, 1.4867599, 1.0782274, 1.5393808, 1.6836982]"
wgEncodeAwgTfbsUtaHuvecCtcfUniPk,"[1.452424, 1.5443732, 1.664795, 1.3151965, 0.75006449, 0.89746511, 1.4574127, 1.663022, 1.4068494, 1.3648301, 1.6920593, 1.6445042, 1.3438121, 1.5074697, 1.6418698, 1.2460427]"
wgEncodeAwgTfbsUtaK562CmycUniPk,"[1.635514, 0.62507081, 1.5118814, 1.3216428, 1.8224241, 1.4819783, 1.5249935, 1.4813176, 1.0680017, 0.93151176, 1.8060647, 1.4765347, 1.6061052, 1.5120093, 0.53257388, 1.5345738]"
wgEncodeAwgTfbsUtaK562CtcfUniPk,"[1.4071676, 0.62441456, 1.6771882, 1.0783514, 1.5709486, 1.3511947, 1.3029737, 0.59292835, 1.2630094, 1.1348923, 1.4021785, 1.5957303, 1.3705353, 1.368499, 1.391492, 1.4909009]"
wgEncodeAwgTfbsUtaMcf7CmycEstroUniPk,"[1.5474139, 1.4447311, 1.3091968, 1.5185792, 1.7250522, 1.5618124, 1.4560605, 0.72546613, 0.73271197, 0.99115342, 1.6070217, 1.4642373, 1.2982391, 1.7517533, 1.6232334, 1.392923]"
wgEncodeAwgTfbsUtaMcf7CmycSerumstimUniPk,"[1.3035201, 1.5324723, 1.6086359, 1.6349454, 1.3084068, 1.568235, 0.62038362, 1.4903994, 1.5311002, 1.4359387, 1.7554474, 0.70459533, 1.5606909, 1.5963935, 1.4219536, 0.59861779]"
wgEncodeAwgTfbsUtaMcf7CmycSerumstvdUniPk,"[1.6643716, 1.6195669, 1.5896324, 1.5747586, 1.7577548, 0.5639376, 0.93947852, 1.6137756, 1.7200193, 1.7874191, 1.7689058, 1.6865612, 1.5505154, 1.6226158, 1.4274361, 1.5406779]"
wgEncodeAwgTfbsUtaMcf7CmycVehUniPk,"[1.5988027, 1.6084533, 1.5304908, 1.6945664, 1.5412359, 1.533542, 1.2794887, 1.3469774, 1.4491241, 0.65704697, 1.4439001, 0.58319616, 1.6421943, 0.78646708, 1.6297776, 1.1376804]"
wgEncodeAwgTfbsUtaMcf7CtcfEstroUniPk,"[1.0930578, 1.6518413, 1.3384596, 1.4564748, 1.5502621, 1.5302571, 1.0063272, 1.2232549, 0.76687872, 1.5565687, 0.50321174, 1.4785141, 0.56766015, 1.5007154, 1.2020344, 1.3426059]"
wgEncodeAwgTfbsUtaMcf7CtcfSerumstimUniPk,"[1.6888449, 1.6151906, 1.5609612, 0.44764441, 1.285224, 1.2945738, 0.69967812, 1.1456805, 1.4589572, 0.75795686, 1.3490958, 1.4759467, 1.2192512, 1.3784513, 1.3001833, 1.2448833]"
wgEncodeAwgTfbsUtaMcf7CtcfSerumstvdUniPk,"[0.88667178, 1.4267424, 1.690738, 1.2411895, 1.2512052, 1.6247892, 1.2118928, 1.4193306, 1.4733784, 0.58989584, 0.73009795, 1.2950232, 1.1613889, 1.4735936, 0.99951392, 1.090485]"
wgEncodeAwgTfbsUtaMcf7CtcfUniPk,"[1.1828779, 1.273154, 1.0209076, 1.3869164, 1.4035182, 1.3835293, 1.4548497, 1.37669, 1.4128658, 0.51225984, 1.1867125, 1.229319, 1.2379707, 1.2890033, 0.82717156, 1.5046191]"
wgEncodeAwgTfbsUtaMcf7CtcfVehUniPk,"[1.4997995, 0.78190368, 1.7268448, 1.3368096, 1.2509102, 1.3595325, 0.60938537, 1.1222564, 1.6224779, 1.2406001, 1.5304685, 1.2179515, 1.6745282, 1.3201718, 1.5649601, 1.4233615]"
wgEncodeAwgTfbsUtaNhekCtcfUniPk,"[1.3215616, 1.1488138, 1.4205184, 1.7076584, 0.61881983, 1.4532036, 1.6026297, 1.1752963, 1.2691352, 0.63136542, 1.0544469, 1.176681, 1.5776436, 1.3657733, 1.0699039, 1.5700161]"
wgEncodeAwgTfbsUtaProgfibCtcfUniPk,"[1.6471895, 1.1573987, 1.30885, 1.2079068, 1.5676805, 1.4423393, 1.5041292, 1.3347877, 1.490189, 1.3368125, 0.61041236, 1.0089058, 1.578732, 1.5010759, 0.52914095, 1.3426367]"
wgEncodeAwgTfbsUwA549CtcfUniPk,"[1.5052868, 1.4113431, 0.91096997, 1.5568271, 1.3962097, 0.6359145, 1.3133175, 1.4060079, 0.95937037, 1.4269078, 1.5250975, 1.4158664, 1.4364572, 1.1030285, 1.309463, 1.54213]"
wgEncodeAwgTfbsUwAg04449CtcfUniPk,"[1.4532628, 1.6050575, 1.4926558, 1.4388835, 1.3328147, 0.94333082, 1.3788402, 1.3905329, 1.5216845, 0.51877671, 1.1679648, 1.5361139, 1.3035977, 1.5592614, 0.63140303, 1.2909638]"
wgEncodeAwgTfbsUwAg04450CtcfUniPk,"[1.4229316, 1.4123355, 1.4249275, 1.3489025, 1.0497013, 1.113443, 1.3402539, 0.7973417, 1.4772468, 1.3179479, 1.4001753, 1.4418361, 1.501691, 0.71428567, 1.4752736, 1.4076763]"
wgEncodeAwgTfbsUwAg09309CtcfUniPk,"[1.5223343, 1.5613747, 1.1807089, 1.3158258, 1.2057047, 1.396988, 1.3006183, 1.4662083, 1.1338605, 0.49042875, 1.5401492, 1.610563, 1.4987427, 1.2042022, 0.63923472, 1.4348533]"
wgEncodeAwgTfbsUwAg09319CtcfUniPk,"[0.77542913, 1.0634451, 1.4493742, 1.4060043, 1.0262524, 1.403579, 1.5649862, 1.4288586, 0.58300108, 0.86211395, 1.279843, 0.91790599, 1.4191967, 1.530605, 1.1552896, 1.0683824]"
wgEncodeAwgTfbsUwAg10803CtcfUniPk,"[1.1625828, 0.62301761, 1.5884504, 0.88954705, 1.4203316, 1.4516431, 1.5109892, 1.4415075, 1.1510028, 1.4778709, 1.0620552, 1.6082782, 1.317615, 1.342952, 1.223215, 0.63747197]"
wgEncodeAwgTfbsUwAoafCtcfUniPk,"[1.1915386, 1.3226118, 1.6424377, 1.5469443, 0.47221801, 1.3345891, 1.3928529, 1.5302272, 1.5810199, 1.738187, 1.586303, 0.66532838, 1.3183595, 1.4815471, 1.2841191, 1.180442]"
wgEncodeAwgTfbsUwBe2cCtcfUniPk,"[1.3223172, 1.2293646, 1.4951123, 1.4146924, 1.2823216, 1.0805396, 1.4729548, 1.4174302, 0.68955249, 1.6699839, 1.5195732, 1.407882, 0.58857846, 1.1547178, 1.5217556, 1.4297656]"
wgEncodeAwgTfbsUwBjCtcfUniPk,"[1.4315567, 1.2917645, 1.5457994, 1.5300816, 1.2852985, 0.80718797, 1.5286815, 1.2377161, 1.5562009, 1.3169202, 1.3088794, 1.8447976, 0.99562001, 1.2798516, 0.73541808, 1.4922302]"
wgEncodeAwgTfbsUwCaco2CtcfUniPk,"[1.1967674, 0.62807351, 1.3515134, 0.70841485, 1.6116601, 1.2817029, 1.5917404, 1.4878299, 1.1247314, 1.3771775, 1.4960115, 1.0884471, 1.7630388, 1.2507176, 1.533542, 1.3818005]"
wgEncodeAwgTfbsUwGm06990CtcfUniPk,"[1.6323696, 1.5205196, 1.6455541, 1.4839991, 1.4536159, 1.4439294, 1.1454022, 1.4428787, 1.0918833, 1.66484, 1.5907645, 0.66126013, 1.5728235, 1.3869424, 1.1582202, 0.55810845]"
wgEncodeAwgTfbsUwGm12801CtcfUniPk,"[1.1820294, 1.5304278, 1.5795687, 1.5204602, 1.5559471, 1.4644562, 1.5767077, 1.6154144, 1.3034873, 1.5090349, 1.7796725, 1.6204772, 1.6084464, 1.7845261, 1.4540858, 1.7846265]"
wgEncodeAwgTfbsUwGm12864CtcfUniPk,"[1.4441372, 1.4628015, 1.3689123, 1.6300296, 0.8412618, 1.2931224, 0.70174354, 1.4057285, 1.0655259, 1.615344, 1.353147, 1.3186657, 1.4763528, 1.4312112, 1.3654438, 1.2581007]"
wgEncodeAwgTfbsUwGm12865CtcfUniPk,"[1.3546042, 0.84557211, 1.3114724, 1.2572246, 1.2120811, 1.0850313, 0.95144045, 0.83723116, 1.5860648, 1.4748127, 1.24356, 1.0227922, 0.89628029, 1.2721298, 1.0058868, 1.4590454]"
wgEncodeAwgTfbsUwGm12872CtcfUniPk,"[1.5890856, 1.6169568, 1.7449435, 1.2856803, 0.7011773, 1.3999693, 1.5603577, 1.5154794, 1.4873173, 1.0988617, 0.71930587, 0.63591516, 1.4505199, 1.1642048, 1.2730756, 1.4653344]"
wgEncodeAwgTfbsUwGm12873CtcfUniPk,"[1.3097086, 1.255505, 0.7520988, 1.3851513, 1.486306, 1.4318762, 1.2817754, 1.4319403, 1.4042675, 1.3150269, 1.5283655, 1.5391127, 0.62469918, 1.0039837, 1.3224303, 1.2285925]"
wgEncodeAwgTfbsUwGm12874CtcfUniPk,"[1.2824106, 0.98745298, 0.57371414, 1.5701456, 1.445654, 1.8243124, 1.4516672, 1.395238, 1.387269, 1.6173968, 1.393918, 1.2495937, 0.87761092, 1.3003612, 1.46281, 1.3699296]"
wgEncodeAwgTfbsUwGm12875CtcfUniPk,"[1.4851079, 1.5553836, 1.2970935, 1.5262825, 1.4438765, 1.3187516, 1.5527275, 1.5495236, 1.3771799, 1.4590545, 0.58124465, 1.5955501, 1.3037705, 0.6344074, 1.6551017, 1.3715526]"
wgEncodeAwgTfbsUwGm12878CtcfUniPk,"[1.5059243, 1.3810654, 1.5008279, 1.3869431, 1.2621391, 1.625513, 1.4922026, 1.018558, 1.1452568, 1.6806415, 1.4150712, 1.5994774, 0.80423051, 1.5400146, 1.2126161, 0.638147]"
wgEncodeAwgTfbsUwHacCtcfUniPk,"[1.2202718, 1.4350574, 0.76058638, 1.4109893, 1.3664293, 1.521735, 1.8270133, 1.1060705, 1.3446121, 1.3932049, 1.5811151, 1.3282824, 1.6027528, 1.5647681, 0.67074984, 1.3031132]"
wgEncodeAwgTfbsUwHaspCtcfUniPk,"[0.92248964, 1.1843131, 1.0941298, 1.4249845, 0.39876479, 1.5979892, 1.5382637, 1.4574083, 1.5306668, 1.3740332, 1.0617808, 0.65026987, 1.5885329, 1.5288408, 1.4031895, 1.3176455]"
wgEncodeAwgTfbsUwHbmecCtcfUniPk,"[0.60845149, 1.6230094, 1.5135404, 1.4140935, 1.4827054, 1.5145546, 1.3716899, 0.74153638, 1.1817017, 1.3606333, 1.5431616, 1.4824882, 1.4859701, 1.0457647, 1.2905936, 1.4962388]"
wgEncodeAwgTfbsUwHcfaaCtcfUniPk,"[1.2078137, 1.1066822, 1.6819174, 1.2650703, 1.5555732, 1.4393897, 1.6828315, 1.6262448, 1.4565113, 1.3772527, 0.82355165, 1.4169351, 1.4432558, 1.338432, 0.44870609, 1.2434908]"
wgEncodeAwgTfbsUwHcmCtcfUniPk,"[1.516613, 1.3831699, 1.432767, 0.91092712, 1.229239, 1.4187996, 1.4054534, 1.2762283, 1.3050419, 0.93535978, 1.3536869, 1.525478, 1.4128987, 1.5203145, 0.96045947, 1.2219284]"
wgEncodeAwgTfbsUwHcpeCtcfUniPk,"[1.0499593, 1.482108, 1.5331028, 1.3881848, 1.1393667, 1.311718, 1.3319042, 1.5411235, 1.3544006, 1.363385, 0.76941192, 0.6351155, 1.3721243, 1.718457, 1.303318, 1.1833067]"
wgEncodeAwgTfbsUwHct116CtcfUniPk,"[1.1571772, 1.6939437, 1.3255674, 1.1865672, 1.6232955, 1.5491922, 1.3628572, 1.3310715, 1.3798617, 0.66193968, 1.5301319, 1.6000094, 0.67853391, 1.6344856, 1.393443, 1.5236479]"
wgEncodeAwgTfbsUwHeeCtcfUniPk,"[1.3987676, 1.2538352, 1.0685194, 1.3553318, 1.5468601, 0.55192602, 1.4074283, 0.56867772, 1.4308777, 0.95923036, 0.9067747, 1.5805206, 1.4373229, 1.5805893, 1.3715751, 0.79460561]"
wgEncodeAwgTfbsUwHek293CtcfUniPk,"[0.96619987, 1.4614693, 1.1774746, 1.3961393, 1.417493, 1.5271262, 1.1111096, 1.3028737, 0.54748732, 1.1388992, 1.0765429, 1.1209211, 1.1260849, 1.1726726, 0.60477084, 1.5508946]"
wgEncodeAwgTfbsUwHelas3CtcfUniPk,"[1.5385873, 1.3692318, 0.57502538, 1.3884352, 1.4954901, 1.5562345, 1.4583504, 1.6392347, 1.6733985, 0.64994895, 1.398596, 1.3869777, 1.4385113, 1.3925216, 1.5446347, 1.0958883]"
wgEncodeAwgTfbsUwHepg2CtcfUniPk,"[1.4484121, 0.94848436, 0.61761969, 1.5686296, 1.4310781, 1.0978482, 1.3031964, 1.0397793, 1.3936917, 1.2230991, 1.4579428, 1.1945409, 1.5233394, 1.3116018, 1.2467029, 0.5473702]"
wgEncodeAwgTfbsUwHffCtcfUniPk,"[1.3436314, 1.4864999, 0.70582169, 1.4621238, 1.5162933, 1.4908414, 1.3138455, 0.69216627, 1.5111545, 0.47056255, 1.5296926, 1.3453261, 1.4568033, 1.58175, 1.7383666, 1.3102089]"
wgEncodeAwgTfbsUwHffmycCtcfUniPk,"[1.2241862, 1.3600482, 1.39703, 0.99015594, 1.4413279, 1.3599625, 1.1783881, 1.6316359, 1.587194, 1.5613549, 0.84021926, 0.60224569, 1.4720513, 1.6489226, 1.2701163, 1.2219514]"
wgEncodeAwgTfbsUwHl60CtcfUniPk,"[0.83901519, 1.429695, 1.6831363, 1.3303713, 1.4297876, 1.6915931, 1.6527508, 1.4566927, 1.5201951, 1.5931243, 1.5276804, 0.95120704, 1.4498961, 1.6201156, 1.682896, 1.4108002]"
wgEncodeAwgTfbsUwHmecCtcfUniPk,"[1.5263286, 1.210206, 1.3788896, 1.5670536, 1.3849989, 1.4081558, 1.0891174, 0.62866503, 1.4743087, 0.67536944, 1.5519016, 1.2285554, 1.4405705, 1.5066425, 1.4244521, 1.4153214]"
wgEncodeAwgTfbsUwHmfCtcfUniPk,"[1.4644394, 1.2182926, 0.98631471, 0.55100423, 1.2973605, 1.6852382, 1.4754504, 1.7083125, 1.4583303, 1.4986444, 1.2493572, 1.1442275, 0.69199544, 1.4398811, 1.404888, 1.5399052]"
wgEncodeAwgTfbsUwHpafCtcfUniPk,"[1.4606493, 1.2815166, 1.5664794, 1.2464348, 1.5218335, 0.59543616, 0.95562559, 1.1912813, 1.1004943, 1.5637217, 1.4506946, 0.51398957, 1.4409304, 1.5928317, 1.3029344, 1.3283817]"
wgEncodeAwgTfbsUwHpfCtcfUniPk,"[1.0508255, 0.99911654, 1.5106992, 1.3280982, 1.484267, 0.69771898, 1.3872381, 1.3450748, 1.2377505, 1.2021971, 0.71894538, 1.5311193, 1.5694159, 1.5070045, 1.7169893, 1.5267524]"
wgEncodeAwgTfbsUwHreCtcfUniPk,"[1.6353663, 1.5395172, 1.3032279, 1.3860044, 1.1944094, 1.1061789, 1.1200502, 1.539795, 0.50635117, 1.4354898, 0.64944166, 1.5830865, 1.8212495, 1.434827, 1.4307905, 1.5458248]"
wgEncodeAwgTfbsUwHrpeCtcfUniPk,"[0.9775036, 1.3805702, 1.2589988, 1.3995093, 1.5401597, 0.62162298, 1.4502279, 1.2949868, 1.7688009, 1.3051426, 1.3583381, 1.0828885, 1.4282939, 1.3722503, 0.71246958, 1.1388085]"
wgEncodeAwgTfbsUwHuvecCtcfUniPk,"[1.3703388, 1.4661233, 1.5946137, 1.532566, 1.2654873, 1.4927177, 1.1853439, 1.5113963, 1.4866726, 0.59430957, 1.451157, 1.4861679, 1.1280345, 1.1635777, 0.61319083, 1.3785352]"
wgEncodeAwgTfbsUwHvmfCtcfUniPk,"[1.4887133, 1.1454184, 1.1841303, 1.3155612, 1.3884791, 1.6018572, 1.5041982, 1.2664393, 0.72190166, 1.4820247, 1.3200613, 1.2672253, 0.80872232, 1.166774, 1.3887429, 1.2517058]"
wgEncodeAwgTfbsUwK562CtcfUniPk,"[1.5720326, 1.3124698, 1.2937648, 1.1231438, 1.7453232, 1.4124179, 1.4886812, 1.5531914, 0.66754049, 0.59161758, 1.3506681, 1.1526551, 1.6782776, 1.3129845, 1.4377674, 1.0749706]"
wgEncodeAwgTfbsUwMcf7CtcfUniPk,"[1.5419173, 1.4476227, 1.5734706, 1.2516769, 1.487115, 0.57034433, 1.0962316, 1.0993817, 0.58573049, 1.3911809, 1.4861351, 1.1646951, 1.7739747, 1.1068954, 1.2732257, 1.4465519]"
wgEncodeAwgTfbsUwNb4CtcfUniPk,"[1.7527083, 1.5693218, 1.6668035, 0.89595747, 1.0697281, 0.61269885, 0.66843176, 1.6271466, 1.5227852, 1.3743526, 1.5012518, 1.4215021, 0.97029322, 1.5718678, 1.4715016, 1.4870929]"
wgEncodeAwgTfbsUwNhdfneoCtcfUniPk,"[1.6004474, 1.512938, 1.5000091, 1.6655698, 1.0052997, 1.1178302, 1.2750512, 1.498722, 1.5973798, 1.5750403, 1.3546362, 0.60131478, 0.64867711, 1.5079361, 1.5786663, 1.6206323]"
wgEncodeAwgTfbsUwNhekCtcfUniPk,"[1.1260074, 0.71408546, 1.2217656, 1.4095645, 1.5062706, 1.576973, 1.4389316, 0.91213697, 1.5544494, 0.68712527, 1.668349, 1.3312875, 1.2926309, 0.78543794, 1.5642155, 1.3939753]"
wgEncodeAwgTfbsUwNhlfCtcfUniPk,"[1.5864286, 1.2825481, 1.3268445, 1.2978472, 1.5342803, 1.5420518, 1.3303968, 1.5696473, 1.560949, 1.7126384, 1.5936389, 1.7040654, 0.79676402, 0.64690518, 1.2322996, 1.3546492]"
wgEncodeAwgTfbsUwRptecCtcfUniPk,"[1.0998316, 0.75231719, 0.62179554, 0.59465814, 1.668298, 1.2317086, 0.99073625, 1.4895041, 1.4834683, 1.4764791, 1.3119529, 1.4948176, 1.4351861, 1.2762992, 1.6118773, 1.4744537]"
wgEncodeAwgTfbsUwSaecCtcfUniPk,"[1.5806462, 1.4842917, 0.83155555, 1.4001213, 1.3409351, 1.1135435, 0.58171934, 1.1937225, 1.4954834, 1.4726275, 1.4165634, 1.3572378, 1.3302361, 1.2970837, 1.1575265, 1.325187]"
wgEncodeAwgTfbsUwSknshraCtcfUniPk,"[1.3644356, 1.5319804, 0.68883979, 1.498073, 1.1705365, 1.411109, 0.69177699, 1.4091115, 1.3252168, 1.0574342, 1.3664697, 1.197669, 1.5126958, 1.7645123, 1.6056248, 1.5700077]"
wgEncodeAwgTfbsUwWerirb1CtcfUniPk,"[1.4816124, 1.391994, 1.3877988, 1.5019499, 1.2572838, 1.3536191, 0.88990265, 1.3778827, 1.5705913, 1.2307614, 0.7684105, 1.325, 1.4973695, 1.1123948, 1.4461441, 1.4409974]"
wgEncodeAwgTfbsUwWi38CtcfUniPk,"[1.3634686, 1.2524089, 0.99752825, 1.3415656, 1.324744, 0.82698023, 1.1852973, 1.561578, 1.5556678, 1.4366086, 1.4285733, 1.6705416, 1.5834574, 0.81834483, 0.97858816, 1.4661003]"
